Time,hit_ratio_avg,burst_avg_io_rate,read_sum,burst_avg_io_rate_norm,read_sum_norm
2023-02-01 23:40:00,46.87945945945946,630406.208984375,672813.56640625,0.07524888689006765,0.11066229435523639
2023-02-01 23:53:00,47.140043859649126,644656.029296875,646786.70703125,0.0871485836340033,0.08892786353663323
2023-02-02 00:07:00,48.39662162162162,621161.365234375,723395.46875,0.06752873079984906,0.15290207601016675
2023-02-02 00:27:00,49.18710526315789,668079.7838541666,670902.1640625,0.10670922157353174,0.10906612628101015
2023-02-02 00:53:00,47.07530701754386,627632.14453125,676831.95703125,0.07293232955696488,0.11401795981539858
2023-02-02 01:22:00,33.87027591890092,610111.3983123929,675653.19140625,0.05830115792394669,0.11303359979105704
2023-02-03 13:21:00,33.19255405405406,645537.6936848958,648366.19921875,0.0878848412581203,0.09024686108386387
2023-02-03 14:36:00,42.79362488431761,633332.5874520381,823302.43359375,0.07769263814864508,0.23633208131379763
2023-02-03 14:42:00,42.64410012870013,612819.5953904277,764358.39453125,0.06056271092915605,0.18710927188011234
2023-02-03 14:49:00,40.440016683962334,615593.4001535068,867512.265625,0.06287905140108258,0.2732506938110179
2023-02-03 14:56:00,41.13018019596503,597075.7289550782,836881.953125,0.047415370678602464,0.24767202531354598
2023-02-03 15:01:00,42.80835617760618,640227.1478863353,899348.1640625,0.08345012677317915,0.29983611935808024
2023-02-03 15:08:00,42.07158910589754,630227.1991311098,782173.70703125,0.07509939988452524,0.20198642903012082
2023-02-03 15:15:00,40.903753129753134,615071.7372845468,860814.58984375,0.06244342275404974,0.2676576190256353
2023-02-03 15:22:00,41.68352330776808,624490.3653565943,763546.01953125,0.07030870212904433,0.18643087622807214
2023-02-03 15:28:00,40.81795322600927,610294.0557848293,889636.6171875,0.058453690972247674,0.29172623023718774
2023-02-03 15:36:00,42.325977733437874,618879.3560874184,773077.76171875,0.06562307752000723,0.19439061459565915
2023-02-03 15:43:00,40.69940701882006,608814.4107191962,763608.73828125,0.057218073456829,0.18648325121167125
2023-02-03 15:49:00,40.95126353763196,597062.1703492797,799330.1171875,0.04740404819917926,0.21631335200857166
2023-02-06 16:48:00,51.66690350877193,651952.326171875,1458604.9375,0.09324155310745436,0.7668585701647321
2023-02-06 16:57:00,50.66612612612613,809377.4388020834,1508498.26171875,0.22470363888099304,0.8085233360866695
2023-02-06 17:05:00,55.36374774774775,775099.9700520834,1615404.97265625,0.19607931419972485,0.8977986681364285
2023-02-06 17:12:00,55.4453201754386,819759.6754557291,1477939.4296875,0.23337360558883863,0.7830043592823268
2023-02-06 17:19:00,54.22917117117117,807434.4576822916,1391894.82421875,0.22308110009821042,0.7111504910176487
2023-02-06 17:27:00,54.83131140350878,884906.9397786459,1581687.37109375,0.28777658556604496,0.8696418756486917
2023-02-06 17:34:00,54.01346846846847,815924.5299479166,1389493.3515625,0.23017096390557462,0.7091450765126559
2023-02-06 17:42:00,56.80652192982456,841008.7213541666,1378973.63671875,0.25111819441481625,0.7003603049346245
2023-02-06 17:49:00,59.06257207207207,763119.951171875,1280822.36328125,0.18607507635427994,0.6183964370876169
2023-02-06 17:55:00,59.325008771929824,797852.611328125,1427225.37890625,0.2150795208950293,0.7406542235108566
2023-02-06 18:01:00,57.18044144144144,753373.4498697916,1497665.9765625,0.1779359975963936,0.7994775442397268
2023-02-06 18:09:00,56.5568201754386,732916.5003255209,1498703.91796875,0.16085287019237465,0.8003443052024259
2023-02-06 18:15:00,54.44099099099099,594933.48046875,1486990.265625,0.04562642830751179,0.7905625039166762
2023-02-06 18:19:00,54.36380630630631,628099.4759114584,1546311.984375,0.0733225872290933,0.840100704958749
2023-02-06 18:25:00,53.847938596491225,646569.7298177084,1426063.09375,0.08874667086298066,0.7396836259463933
2023-02-06 18:30:00,57.95765315315315,728948.4593098958,1442718.8125,0.15753925053135925,0.7535924330633099
2023-02-06 18:36:00,55.500609649122815,670118.3746744791,1514596.90625,0.10841160181515558,0.813616173671946
2023-02-06 18:42:00,56.72931081081081,769181.1363932291,1452483.3203125,0.19113663253261776,0.7617465486433228
2023-02-06 18:49:00,57.07894298245614,792017.6038411458,1555592.1953125,0.21020684053338728,0.8478503953726788
2023-02-06 18:56:00,55.28086936936937,584453.6324869791,1446837.97265625,0.03687494862771362,0.7570322488381152
2023-02-06 19:01:00,56.59816228070176,771459.7893880208,1474674.14453125,0.1930394831670848,0.7802775948537419
2023-02-06 19:08:00,40.896778174400815,633677.3597969714,1512441.67578125,0.07798054959317074,0.8118163903463333
2023-03-06 13:43:00,33.45101065162907,605273.499265253,626254.33203125,0.054261139855210805,0.07178175007171889
2023-03-06 16:45:00,29.72745185881369,699606.617047991,734689.01953125,0.13303655385392982,0.16233306015676857
2023-03-09 19:40:00,28.81268307593308,677162.0663473462,872144.7109375,0.11429362650225822,0.2771191421979257
2023-03-09 21:42:00,29.062232740943266,584086.8554222471,865066.12109375,0.03656866154849242,0.2712079748520864
2023-03-14 17:30:00,30.957387054166468,626017.3217679267,745127.46484375,0.07158382825959092,0.17104996542103673
2023-03-14 17:41:00,31.309847575706165,717957.9587337878,1028768.01171875,0.14836133663127932,0.40791165336357066
2023-03-14 17:53:00,34.19802846291119,694442.9687453539,951555.7421875,0.1287245100845204,0.3434334654156905
2023-03-14 18:06:00,34.15002061935536,714457.0763224652,1000170.93359375,0.14543783036121277,0.3840308920636106
2023-03-14 18:18:00,32.0233234993235,614870.0354481648,1042969.02734375,0.062274986196043824,0.41977059443703485
2023-03-14 18:28:00,36.48538095928794,706181.6479199482,1102032.10546875,0.13852721070029522,0.4690928106501299
2023-03-14 18:40:00,38.689021712627365,690994.7680457727,1076979.41796875,0.12584499709857427,0.4481718883274059
2023-03-14 18:49:00,37.12698154246839,650587.42505077,1089965.296875,0.09210175561735129,0.45901609671382976
2023-03-14 19:01:00,37.5669101778576,726205.6854150294,1070038.109375,0.15524882322278039,0.4423753613916071
2023-03-14 19:14:00,35.876097351553234,581754.547954785,763003.71875,0.03462100529965756,0.18597801333581415
2023-03-18 12:50:00,27.38576211580297,694097.4019960425,1211945.00390625,0.12843593525119518,0.5608785406432248
2023-03-24 09:48:00,0.8687189572893035,931993.8897651766,1737790.49609375,0.32709781300251056,1.0
2023-03-30 19:29:00,0.7029801927362903,1486944.964852821,1492495.7890625,0.7905246742851879,0.7951600397372092
2023-04-02 22:27:00,18.503838124979904,586611.4641410591,1486863.03515625,0.038676904143285395,0.7904562566825699
2023-04-04 00:35:00,31.64304330250477,564721.7523912734,682302.609375,0.020397310020535686,0.11858637558868529
2023-04-04 00:53:00,38.33559349572304,608858.0251421938,1102685.703125,0.057254494856955496,0.46963861499933274
2023-04-23 11:40:00,34.07069992690058,561943.1101929754,956421.52734375,0.01807692991787263,0.34749677053187694
2023-04-30 22:32:00,50.39295209313589,579033.6913109141,993018.88671875,0.03234888058259111,0.37805838244282214
2023-04-30 22:46:00,44.06765967788338,604181.296919421,1292143.72265625,0.05334906683159407,0.6278506435503775
2023-05-04 07:43:00,53.596136857131626,571749.2302877925,1235549.95703125,0.026265794956442712,0.580590493333317
2023-05-04 07:53:00,37.72303862597671,577280.919757513,1280926.8046875,0.030885181427832364,0.6184836537005025
2023-05-14 13:54:00,45.77384998334998,553232.1686985467,948614.81640625,0.01080262330455084,0.34097756603058754
2023-05-14 14:04:00,50.63866212406015,577495.6936497205,950121.77734375,0.031064534158585233,0.3422359944014685
2023-05-14 14:19:00,26.96153082953083,601533.1207248264,765989.8515625,0.051137635883756694,0.18847166407151467
2023-06-02 15:59:00,38.48936403508772,671813.8697916666,1169571.09765625,0.10982747073721183,0.5254930674812481
2023-06-02 16:07:00,39.53473873873874,654497.9576822916,1096548.8671875,0.09536735135132363,0.4645138846503138
2023-06-02 16:14:00,39.519193693693694,670124.75390625,995618.98046875,0.10841692896468219,0.38022966084860393
2023-06-02 16:21:00,39.91077631578948,678905.2268880208,1135167.03125,0.11574929972164799,0.4967630240130178
2023-06-02 16:29:00,41.25636036036036,738805.4860026041,1134237.859375,0.1657706264973577,0.49598709398070745
2023-06-02 16:36:00,38.14177631578948,625202.8860677084,1106074.4375,0.07090371176426008,0.47246846902723777
2023-06-02 16:42:00,41.42736036036036,699641.8955078125,1202110.4765625,0.13306601408320023,0.5526659533653411
2023-06-02 16:49:00,39.73527192982456,641839.3723958334,1095382.1171875,0.08479645832862609,0.4635395585976682
2023-06-02 16:55:00,42.07907207207207,722535.8570963541,1067640.12109375,0.15218423411661203,0.4403728566079254
2023-06-02 17:03:00,40.21856140350877,712437.47265625,1127466.6796875,0.14375130585466717,0.49033263777614283
2023-06-02 17:12:00,39.56486486486487,624672.2978515625,1036009.33984375,0.0704606297653591,0.413958719699926
2023-06-02 17:19:00,38.89519298245615,616770.3938802084,1160273.1328125,0.0638619317539652,0.5177285511891134
2023-06-02 17:28:00,40.751936936936936,619974.3854166666,1289110.484375,0.06653751129236435,0.6253176561226477
2023-06-02 17:35:00,44.079504504504506,677179.8209635416,1212419.94140625,0.11430845297332232,0.5612751500108086
2023-06-02 17:43:00,45.95451754385965,704730.9231770834,1203489.08984375,0.13731574388033313,0.5538172015645655
2023-06-02 17:49:00,47.1345945945946,666061.7076822916,1287203.6015625,0.10502397264232871,0.6237252622048752
2023-06-02 17:56:00,45.63564473684211,732517.8600260416,1239898.875,0.1605199748596839,0.5842221745656047
2023-06-02 18:03:00,46.843004504504506,738512.0598958333,1188324.1796875,0.1655255931137251,0.541153334368282
2023-06-02 18:10:00,48.10586403508772,723012.888671875,1220691.5859375,0.152582592198433,0.5681826098479803
2023-06-02 18:17:00,47.71050900900901,717672.23828125,1180768.03125,0.14812273806202186,0.5348433688398366
2023-06-02 18:24:00,46.20720614035088,745768.5693359375,1050797.35546875,0.17158533701667106,0.42630785095372276
2023-06-02 18:31:00,44.84515315315316,720852.3434244791,1187549.5234375,0.15077837062358196,0.5405064367756358
2023-06-02 18:38:00,45.25934210526316,799250.318359375,1235057.37890625,0.21624671384511523,0.5801791526860911
2023-06-02 18:46:00,45.20657657657658,759217.4791666666,1250400.5546875,0.18281621186369107,0.5929918854000338
2023-06-02 18:53:00,45.02377477477478,719830.2568359375,1220795.015625,0.14992484965398628,0.5682689815978397
2023-06-02 19:00:00,43.51875438596491,769447.5305989583,1257751.72265625,0.19135909219828368,0.5991306764600952
2023-06-02 19:08:00,36.53063063063063,648351.8255208334,1327143.375,0.09023485793978586,0.657078047117597
2023-06-02 19:14:00,40.35539473684211,658928.3619791666,1317444.8203125,0.09906707993945146,0.6489790074732524
2023-06-02 19:21:00,34.93009009009009,632395.2838541666,1162055.95703125,0.07690991750185311,0.519217346632538
2023-06-02 19:26:00,44.95776315789474,729682.671875,1263177.2265625,0.15815237453423975,0.6036613898130756
2023-06-02 19:33:00,44.240135135135134,698901.3483072916,1273927.96484375,0.13244760017218143,0.6126390837428772
2023-06-02 19:40:00,43.2023903508772,662320.1588541666,1284713.91015625,0.10189949139057158,0.6216461782535943
2023-06-02 19:47:00,25.650804273421816,575674.923940161,1288449.22265625,0.02954405130973864,0.6247654516913681
