"job_id","io_bandwidth_mb_s"
"0","429.90"
"1","325.20"
"2","399.20"
"3","436.50"
"4","471.50"
"5","372.00"
"6","448.70"
"7","381.60"
"8","412.40"
"9","378.40"
"10","298.60"
"11","426.30"
"12","415.80"
"13","425.10"
"14","388.50"
"15","380.10"
"16","413.00"
"17","501.60"
"18","401.80"
"19","479.00"
"20","458.20"
"21","406.70"
"22","340.30"
"23","394.79"
"24","392.29"
"25","391.09"
"26","312.21"
"27","335.01"
"28","329.53"
"29","339.98"
"30","343.05"
"31","429.23"
"32","327.28"
"33","325.89"
"34","310.03"
"35","328.97"
"36","304.61"
"37","435.96"
"38","334.17"
"39","350.02"
"40","367.45"
"41","311.23"
"42","331.14"
"43","342.52"
"44","324.28"
"45","406.99"
"46","374.69"
"47","319.93"
"48","377.18"
"49","349.05"
"50","362.23"
"51","334.44"
"52","357.73"
"53","404.21"
"54","369.03"
"55","340.88"
"56","310.86"
"57","394.26"
"58","359.21"
"59","375.19"
"60","374.05"
"61","398.54"
"62","342.95"
"63","338.48"
"64","356.35"
"65","391.13"
"66","367.49"
"67","352.16"
"68","346.37"
"69","353.41"
"70","340.00"
"71","321.67"
"72","370.56"
"73","377.50"
"74","401.12"
"75","332.50"
"76","349.16"
"77","388.29"
"78","332.36"
"79","364.34"
"80","317.69"
"81","329.94"
"82","360.67"
"83","344.72"
"84","386.76"
"85","322.21"
"86","380.45"
"87","335.52"
"88","373.74"
"89","399.97"
"90","318.31"
"91","311.62"
"92","301.63"
"93","318.70"
"94","336.48"
"95","344.66"
"96","400.42"
"97","399.77"
"98","363.81"
"99","375.47"
"100","338.54"
"101","318.29"
"102","348.17"
"103","373.42"
"104","383.12"
"105","376.26"
"106","383.48"
"107","311.31"
"108","415.44"
"109","360.22"
"110","387.81"
"111","330.60"
"112","327.53"
"113","323.96"
"114","411.52"
"115","325.95"
"116","364.73"
"117","368.25"
"118","315.58"
"119","371.53"
"120","400.45"
"121","398.53"
"122","310.88"
"123","405.21"
"124","323.33"
"125","330.23"
"126","331.92"
"127","341.86"
"128","378.66"
"129","348.51"
"130","387.76"
"131","359.41"
"132","357.12"
"133","305.74"
"134","345.35"
"135","333.43"
"136","354.77"
"137","363.46"
"138","355.53"
"139","359.43"
"140","373.89"
"141","368.01"
"142","358.11"
"143","361.39"
"144","350.64"
"145","365.46"
"146","389.80"
"147","384.02"
"148","333.83"
"149","363.99"
"150","389.23"
"151","416.40"
"152","340.95"
"153","333.76"
"154","406.87"
"155","359.37"
"156","379.43"
"157","345.04"
"158","328.81"
"159","357.28"
"160","345.56"
"161","342.01"
"162","390.64"
"163","335.80"
"164","444.80"
"165","387.17"
"166","328.18"
"167","345.49"
"168","354.17"
"169","407.07"
"170","321.66"
"171","337.10"
"172","319.88"
"173","317.41"
"174","416.33"
"175","412.87"
"176","331.47"
"177","353.32"
"178","333.61"
"179","367.45"
"180","395.68"
"181","315.55"
"182","364.75"
"183","337.00"
"184","398.60"
"185","299.44"
"186","306.34"
"187","388.12"
"188","320.06"
"189","339.48"
"190","417.81"
"191","343.54"
"192","330.83"
"193","372.62"
"194","344.08"
"195","323.33"
"196","305.41"
"197","367.87"
"198","351.00"
"199","380.55"
"200","330.66"
"201","359.43"
"202","345.59"
"203","367.91"
"204","380.52"
"205","320.68"
"206","310.03"
"207","322.30"
"208","352.40"
"209","328.43"
"210","363.88"
"211","356.07"
"212","384.83"
"213","353.82"
"214","348.15"
"215","388.75"
"216","343.89"
"217","409.18"
"218","328.55"
"219","326.61"
"220","338.49"
"221","321.86"
"222","312.11"
"223","391.10"
"224","368.34"
"225","352.85"
"226","320.09"
"227","385.34"
"228","361.59"
"229","396.31"
"230","334.80"
"231","401.80"
"232","359.56"
"233","321.12"
"234","398.39"
"235","342.18"
"236","359.02"
"237","352.18"
"238","326.46"
"239","411.12"
"240","376.75"
"241","319.34"
"242","326.05"
"243","405.77"
"244","363.35"
"245","382.48"
"246","406.45"
"247","442.10"
"248","369.03"
"249","340.93"
"250","358.80"
"251","349.46"
"252","305.06"
"253","343.02"
"254","317.17"
"255","395.25"
"256","377.60"
"257","372.57"
"258","358.02"
"259","344.79"
"260","378.30"
"261","335.69"
"262","324.70"
"263","326.13"
"264","350.41"
"265","369.55"
"266","388.80"
"267","440.80"
"268","371.11"
"269","336.38"
"270","337.45"
"271","306.44"
"272","344.75"
"273","378.76"
"274","340.23"
"275","330.15"
"276","437.59"
"277","411.78"
"278","348.62"
"279","322.01"
"280","342.73"
"281","405.36"
"282","357.17"
"283","341.20"
"284","387.81"
"285","358.44"
"286","370.03"
"287","405.57"
"288","326.42"
"289","332.88"
"290","405.09"
"291","352.26"
"292","338.94"
"293","320.15"
"294","383.35"
"295","339.07"
"296","316.17"
"297","365.44"
"298","308.04"
"299","351.02"
"300","366.05"
"301","343.40"
"302","334.86"
"303","341.02"
"304","332.69"
"305","304.49"
"306","320.28"
"307","375.12"
"308","384.96"
"309","442.69"
"310","346.13"
"311","323.93"
"312","363.58"
"313","356.03"
"314","348.60"
"315","391.99"
"316","375.94"
"317","399.71"
"318","370.67"
"319","366.79"
"320","397.60"
"321","325.93"
"322","345.20"
"323","354.33"
"324","402.26"
"325","396.45"
"326","419.72"
"327","349.47"
"328","381.18"
"329","363.41"
"330","443.49"
"331","359.73"
"332","306.09"
"333","317.76"
"334","336.14"
"335","348.28"
"336","366.71"
"337","337.53"
"338","347.44"
"339","377.06"
"340","360.65"
"341","388.59"
"342","372.02"
"343","358.82"
"344","320.77"
"345","388.70"
"346","360.58"
"347","373.05"
"348","339.59"
"349","384.13"
"350","355.91"
"351","335.33"
"352","364.18"
"353","343.29"
"354","345.06"
"355","328.55"
"356","418.37"
"357","441.47"
"358","358.18"
"359","359.75"
"360","331.18"
"361","347.36"
"362","309.35"
"363","330.48"
"364","307.63"
"365","307.88"
"366","395.89"
"367","344.74"
"368","338.59"
"369","344.29"
"370","352.90"
"371","332.48"
"372","330.52"
"373","354.12"
"374","339.14"
"375","325.45"
"376","379.51"
"377","378.41"
"378","351.68"
"379","386.61"
"380","359.10"
"381","359.36"
"382","379.04"
"383","393.33"
"384","328.82"
"385","309.44"
"386","311.94"
"387","341.53"
"388","355.96"
"389","360.59"
"390","358.06"
"391","409.95"
"392","423.55"
"393","380.75"
"394","404.77"
"395","326.09"
"396","352.29"
"397","379.78"
"398","357.49"
"399","327.09"
"400","319.88"
"401","332.62"
"402","306.15"
"403","392.88"
"404","333.86"
"405","403.19"
"406","354.98"
"407","401.83"
"408","407.01"
"409","321.01"
"410","349.40"
"411","356.60"
"412","412.70"
"413","362.36"
"414","331.41"
"415","308.06"
"416","357.70"
"417","338.37"
"418","322.29"
"419","360.43"
"420","313.82"
"421","340.74"
"422","321.57"
"423","344.24"
"424","328.14"
"425","382.76"
"426","323.31"
"427","342.97"
"428","360.72"
"429","315.68"
"430","303.61"
"431","445.77"
"432","366.63"
"433","318.36"
"434","380.61"
"435","386.31"
"436","359.41"
"437","341.36"
"438","406.17"
"439","343.19"
"440","329.70"
"441","337.35"
"442","352.92"
"443","329.39"
"444","357.79"
"445","375.33"
"446","363.46"
"447","359.47"
"448","332.70"
"449","323.76"
"450","325.65"
"451","392.51"
"452","369.34"
"453","348.43"
"454","342.32"
"455","351.34"
"456","437.64"
"457","425.87"
"458","310.68"
"459","393.40"
"460","331.92"
"461","324.99"
"462","418.34"
"463","376.48"
"464","330.20"
"465","330.21"
"466","373.14"
"467","380.43"
"468","352.05"
"469","373.20"
"470","312.59"
"471","328.16"
"472","345.71"
"473","457.78"
"474","374.65"
"475","341.43"
"476","307.21"
"477","384.75"
"478","426.17"
"479","325.18"
"480","394.54"
"481","414.61"
"482","348.84"
"483","367.11"
"484","342.97"
"485","318.72"
"486","332.04"
"487","369.36"
"488","366.21"
"489","410.32"
"490","326.68"
"491","365.13"
"492","383.85"
"493","370.83"
"494","395.44"
"495","327.95"
"496","400.15"
"497","375.46"
"498","385.07"
"499","370.89"
"500","355.15"
"501","375.05"
"502","370.46"
"503","320.87"
"504","330.67"
"505","398.85"
"506","308.53"
"507","352.52"
"508","350.05"
"509","408.97"
"510","368.48"
"511","330.12"
"512","327.52"
"513","369.00"
"514","401.78"
"515","386.99"
"516","315.16"
"517","336.62"
"518","345.66"
"519","364.66"
"520","397.29"
"521","333.87"
"522","363.48"
"523","370.76"
"524","324.25"
"525","387.04"
"526","328.73"
"527","316.40"
"528","412.93"
"529","345.09"
"530","311.08"
"531","377.86"
"532","368.41"
"533","315.33"
"534","356.18"
"535","364.20"
"536","372.86"
"537","372.59"
"538","393.85"
"539","302.06"
"540","410.61"
"541","363.86"
"542","434.36"
"543","339.47"
"544","306.08"
"545","370.15"
"546","398.08"
"547","339.66"
"548","327.51"
"549","391.39"
"550","333.98"
"551","366.61"
"552","335.57"
"553","334.13"
"554","310.91"
"555","360.68"
"556","379.37"
"557","430.74"
"558","342.07"
"559","378.07"
"560","376.59"
"561","384.94"
"562","395.70"
"563","338.56"
"564","323.45"
"565","378.70"
"566","381.66"
"567","390.81"
"568","331.91"
"569","357.33"
"570","373.01"
"571","361.67"
"572","397.09"
"573","341.90"
"574","398.82"
"575","321.77"
"576","321.22"
"577","336.76"
"578","327.69"
"579","393.65"
"580","360.00"
"581","346.82"
"582","335.80"
"583","367.33"
"584","417.28"
"585","319.68"
"586","314.05"
"587","337.30"
"588","345.85"
"589","346.05"
"590","344.13"
"591","377.57"
"592","375.05"
"593","366.63"
"594","321.92"
"595","349.89"
"596","395.93"
"597","381.45"
"598","339.01"
"599","372.26"
"600","321.90"
"601","327.74"
"602","340.58"
"603","337.52"
"604","310.82"
"605","333.40"
"606","387.01"
"607","441.05"
"608","328.47"
"609","331.02"
"610","392.58"
"611","353.06"
"612","329.27"
"613","335.30"
"614","314.52"
"615","367.53"
"616","354.27"
"617","312.31"
"618","320.57"
"619","396.03"
"620","359.24"
"621","342.81"
"622","374.89"
"623","349.09"
"624","353.80"
"625","368.40"
"626","352.10"
"627","357.75"
"628","365.40"
"629","339.37"
"630","313.12"
"631","370.09"
"632","319.62"
"633","322.78"
"634","309.68"
"635","370.71"
"636","367.99"
"637","364.70"
"638","335.02"
"639","359.89"
"640","378.03"
"641","335.14"
"642","315.07"
"643","398.76"
"644","330.15"
"645","341.64"
"646","415.06"
"647","380.84"
"648","333.02"
"649","404.19"
"650","349.32"
"651","330.24"
"652","321.53"
"653","315.43"
"654","366.08"
"655","384.53"
"656","340.65"
"657","420.14"
"658","332.63"
"659","425.79"
"660","327.63"
"661","339.59"
"662","366.72"
"663","346.16"
"664","429.37"
"665","376.50"
"666","328.61"
"667","402.63"
"668","355.78"
"669","337.15"
"670","331.62"
"671","348.51"
"672","360.04"
"673","366.58"
"674","396.94"
"675","324.14"
"676","396.01"
"677","438.33"
"678","370.61"
"679","323.79"
"680","336.72"
"681","397.71"
"682","339.97"
"683","366.26"
"684","409.63"
"685","368.76"
"686","350.59"
"687","313.60"
"688","326.51"
"689","382.59"
"690","324.37"
"691","384.90"
"692","371.77"
"693","320.42"
"694","338.43"
"695","406.22"
"696","320.20"
"697","310.80"
"698","351.96"
"699","385.20"
"700","346.66"
"701","358.89"
"702","351.04"
"703","343.89"
"704","379.76"
"705","389.89"
"706","307.23"
"707","307.02"
"708","390.67"
"709","397.06"
"710","408.47"
"711","409.10"
"712","437.30"
"713","305.01"
"714","362.20"
"715","356.87"
"716","330.53"
"717","355.01"
"718","400.82"
"719","391.33"
"720","364.92"
"721","415.92"
"722","311.83"
"723","324.63"
"724","379.89"
"725","345.98"
"726","380.63"
"727","358.43"
"728","311.99"
"729","325.88"
"730","319.04"
"731","329.14"
"732","347.53"
"733","356.88"
"734","356.15"
"735","431.28"
"736","362.85"
"737","377.11"
"738","328.94"
"739","308.21"
"740","364.80"
"741","351.03"
"742","351.59"
"743","323.38"
"744","378.83"
"745","333.91"
"746","349.73"
"747","345.81"
"748","372.17"
"749","398.28"
"750","339.25"
"751","349.74"
"752","366.56"
"753","369.32"
"754","419.70"
"755","319.02"
"756","386.43"
"757","332.95"
"758","409.53"
"759","328.98"
"760","339.74"
"761","320.57"
"762","340.15"
"763","360.79"
"764","329.42"
"765","398.22"
"766","338.01"
"767","334.59"
"768","396.54"
"769","339.85"
"770","329.41"
"771","342.60"
"772","305.93"
"773","373.23"
"774","405.27"
"775","308.09"
"776","378.81"
"777","311.34"
"778","348.00"
"779","322.79"
"780","335.00"
"781","338.94"
"782","423.40"
"783","380.09"
"784","356.66"
"785","341.93"
"786","352.40"
"787","405.53"
"788","321.69"
"789","337.77"
"790","342.97"
"791","358.29"
"792","317.34"
"793","305.87"
"794","359.04"
"795","364.93"
"796","312.32"
"797","356.95"
"798","307.76"
"799","389.90"
"800","431.98"
"801","406.08"
"802","387.45"
"803","357.59"
"804","372.17"
"805","430.79"
"806","377.91"
"807","322.15"
"808","324.46"
"809","377.98"
"810","315.18"
"811","408.69"
"812","371.59"
"813","322.33"
"814","346.39"
"815","338.32"
"816","438.41"
"817","304.04"
"818","448.35"
"819","333.82"
"820","382.81"
"821","419.51"
"822","311.52"
"823","428.10"
"824","317.42"
"825","369.51"
"826","321.53"
"827","325.35"
"828","346.45"
"829","360.39"
"830","373.00"
"831","364.14"
"832","394.88"
"833","401.54"
"834","338.77"
"835","355.23"
"836","316.31"
"837","387.65"
"838","377.27"
"839","387.60"
"840","383.37"
"841","366.98"
"842","353.86"
"843","330.02"
"844","352.26"
"845","417.72"
"846","333.43"
"847","334.19"
"848","371.80"
"849","349.05"
"850","318.39"
"851","397.50"
"852","329.14"
"853","377.28"
"854","343.02"
"855","379.23"
"856","314.33"
"857","376.10"
"858","322.83"
"859","316.30"
"860","319.96"
"861","372.91"
"862","387.92"
"863","353.56"
"864","363.27"
"865","318.45"
"866","344.48"
"867","372.12"
"868","339.41"
"869","334.72"
"870","365.28"
"871","376.55"
"872","329.64"
"873","323.79"
"874","399.47"
"875","319.21"
"876","338.05"
"877","342.47"
"878","384.70"
"879","342.17"
"880","349.65"
"881","334.30"
"882","334.65"
"883","356.24"
"884","324.91"
"885","317.47"
"886","363.69"
"887","355.61"
"888","376.66"
"889","333.44"
"890","393.40"
"891","326.62"
"892","345.24"
"893","359.41"
"894","358.72"
"895","365.41"
"896","352.09"
"897","404.05"
"898","350.97"
"899","331.50"
"900","311.32"
"901","407.62"
"902","377.99"
"903","401.11"
"904","335.64"
"905","344.65"
"906","339.27"
"907","306.36"
"908","353.55"
"909","384.93"
"910","322.25"
"911","345.17"
"912","358.99"
"913","380.90"
"914","354.85"
"915","316.84"
"916","324.69"
"917","376.17"
"918","357.17"
"919","341.99"
"920","332.08"
"921","349.32"
"922","384.77"
"923","356.92"
"924","340.88"
"925","339.52"
"926","370.51"
"927","386.53"
"928","313.54"
"929","337.23"
"930","381.75"
"931","349.60"
"932","343.81"
"933","430.37"
"934","353.05"
"935","366.36"
"936","413.56"
"937","351.49"
"938","346.07"
"939","377.25"
"940","360.79"
"941","305.43"
"942","326.72"
"943","386.85"
"944","359.17"
"945","366.68"
"946","330.66"
"947","325.58"
"948","308.84"
"949","362.69"
"950","441.41"
"951","305.33"
"952","363.74"
"953","335.71"
"954","408.80"
"955","303.35"
"956","316.44"
"957","332.77"
"958","356.54"
"959","353.39"
"960","354.20"
"961","341.47"
"962","411.07"
"963","370.87"
"964","331.00"
"965","347.53"
"966","360.25"
"967","388.24"
"968","317.67"
"969","348.37"
"970","385.30"
"971","338.07"
"972","310.42"
"973","400.58"
"974","380.51"
"975","424.82"
"976","420.40"
"977","365.13"
"978","331.23"
"979","388.50"
"980","342.33"
"981","311.63"
"982","419.68"
"983","369.85"
"984","387.88"
"985","355.81"
"986","334.61"
"987","380.61"
"988","398.68"
"989","318.86"
"990","308.01"
"991","394.15"
"992","385.62"
"993","364.20"
"994","347.54"
"995","313.57"
"996","376.25"
"997","320.70"
"998","376.66"
"999","329.12"
