dimension,group,min_norm,q1_norm,median_norm,q3_norm,max_norm,mean_norm
read_bandwidth,New,0.0006759050374796225,0.4256556151787659,0.5268398584399779,0.6104942993144091,0.9991487928071596,0.5201542294657033
read_bandwidth,Old,1.4417380189746172e-05,0.23758342030334328,0.33542642979788884,0.42378515056515537,0.9969637212426423,0.3334990016907972
write_bandwidth,New,3.908562395141251e-06,0.2973021249300003,0.4786845385197681,0.6795880017344075,0.9576150962528308,0.47330218329032253
write_bandwidth,Old,1.9977316429383606e-06,0.08226433149993058,0.16281342257483683,0.24214246740464893,0.9989383867412762,0.1849961868735768
read_operation,New,0.00526578774446983,0.6186493062207681,0.7388182021335534,0.782955341228915,0.9999287464870333,0.7001432640670551
read_operation,Old,4.6023020058459007e-05,0.40673500212359953,0.5199220376637238,0.6182630319394445,0.9997985797212416,0.5048630837459798
write_operation,New,0.001720034352383514,0.29172756980512987,0.6249766177781997,0.7651909348799546,0.9999999276178457,0.5450171018732975
write_operation,Old,2.4838092686893027e-05,0.07548365429598665,0.16421270836622084,0.33338902585981783,0.9993863993817543,0.2312593158977907
metadata_operation,New,0.0005809628060563894,0.38298945789216615,0.47712125471966244,0.5246498580795801,0.9999581239189981,0.46007155068091515
metadata_operation,Old,2.1538335659159274e-05,0.3005350723347467,0.42093155820175926,0.5199766144147375,0.9995753819083918,0.4067746508089892
Parallelism,New,0.20068666377598746,0.36552076639241027,0.4336766652213271,0.46007041390386866,0.9656898926279623,0.42196137743778467
Parallelism,Old,0.20068666377598746,0.3333333333333333,0.3835049992773302,0.5662074301683977,0.8673533304426542,0.4342340002156818
