batch,parallelism,job_count
Batch 1,1,50
Batch 1,16,2103
Batch 1,20,6
Batch 1,24,6
Batch 1,32,5
Batch 1,36,7
Batch 1,40,7
Batch 1,48,2
Batch 1,56,7
Batch 1,64,4
Batch 1,80,13
Batch 1,96,6
Batch 1,112,1
Batch 1,128,6
Batch 2,1,50
Batch 2,8,4215
Batch 2,64,50
Batch 3,1,50
Batch 3,12,2817
Batch 3,20,3
Batch 3,24,6
Batch 3,28,5
Batch 3,32,8
Batch 3,36,5
Batch 3,40,6
Batch 3,48,9
Batch 3,56,6
Batch 3,64,4
Batch 3,80,6
Batch 3,112,6
Batch 3,128,6
Batch 4,1,50
Batch 4,8,3503
Batch 4,20,6
Batch 4,24,5
Batch 4,28,8
Batch 4,32,5
Batch 4,36,4
Batch 4,40,4
Batch 4,48,7
Batch 4,56,8
Batch 4,64,6
Batch 4,80,9
Batch 4,112,4
Batch 4,128,4
