MDS_Utilization_Percent,OceanLight_System_Time_Percent,TaihuLight_System_Time_Percent
0,0,0
1,9.390127604,1.687613581
2,12.35530059,3.263979714
3,14.37971743,4.861174514
4,15.6753931,6.57609621
5,17.59050298,7.750264036
6,19.12372463,9.151336632
7,20.52270608,10.02042978
8,21.78615589,11.60057169
9,22.82947194,13.13076465
10,23.95647639,14.63973136
11,25.22907755,16.31406878
12,25.97143826,17.27401754
13,26.74279084,18.64996795
14,27.45304471,20.3373193
15,28.16207782,21.6338969
16,29.86023042,22.35992259
17,30.70546811,22.50580883
18,31.97019407,23.30251592
19,33.2323833,23.72732903
20,34.1785195,24
21,35.29901725,24.15
22,36.21385675,25.22597093
23,37.18605474,26.68484972
24,38.19697832,27.7352087
25,39.18555218,29.50708139
26,40.01999968,31.26393374
27,40.82216471,33.16136127
28,41.52196725,34.92278097
29,42.32845222,36.176866
30,43.19029859,37.65665019
31,43.85014993,39.24903077
32,44.47615928,40.9078848
33,45.06877805,42.80584936
34,45.71658937,44.27017279
35,46.36437754,46.05743998
36,46.95335426,48.06407466
37,47.47254135,49.60746383
38,48.21822268,50.70397115
39,48.94978191,51.81115319
40,49.71228089,53
41,50.33907643,54.15
42,51.01962542,55.25721192
43,51.70725077,56.34383744
44,52.39481636,57.96913197
45,53.09557675,59.24485175
46,53.61037305,60.08159262
47,54.1052514,61.12686789
48,54.65314836,62.61185258
49,55.12455578,63.4785171
50,55.7324262,64.35378394
51,56.32624766,65.76516842
52,57.0586685,66.63566727
53,58.23003983,67.89882194
54,59.45114525,68.5652702
55,60.44525571,69.42632758
56,61.20386877,70.19383803
57,61.8572345,70.99132352
58,62.48631393,71.82053294
59,63.27312545,73.24099293
60,63.88409508,76
61,64.51028633,77.26
62,65.12078513,77.66929941
63,65.70922746,78.34939474
64,66.43235531,78.75722095
65,67.09460872,79.89307321
66,67.81812307,80.1041113
67,68.4980024,80.45518735
68,69.03087607,81.4250898
69,69.76289905,81.91092674
70,70.36148513,82.26368415
71,70.89541811,83.31467065
72,71.48455363,84.0656835
73,72.22546535,84.57445271
74,72.8786924,85.46155911
75,73.495593,86.51701955
76,74.27906453,87.5282132
77,75.00009591,88.24847522
78,75.81772207,88.83586886
79,76.53734697,89.32555438
80,77.19931728,90
81,77.82865015,90.5
82,78.55986472,90.51
83,79.16508945,91.10414677
84,79.97602423,91.32205522
85,80.64666962,91.43588988
86,81.33146498,92.06826619
87,82.2054603,92.43879818
88,83.10190699,93.16144769
89,83.9985163,93.76498796
90,85.06071525,93.96371985
91,86.10021084,94.05771759
92,87.20089765,94.20875901
93,88.42976663,94.57157465
94,89.66130919,95.2355202
95,90.82759129,95.65896882
96,92.28334823,95.74467304
97,93.87268926,96.64954211
98,95.4291223,98
99,97.38347729,99
100,100,100
