x_table,TaihuLight,OceanLight
0,0,0
1,1.68761358114632,9.39012760423722
2,3.26397971418422,12.3553005879006
3,4.86117451433963,14.3797174284089
4,6.57609621044583,15.6753931018561
5,7.75026403573434,17.5905029816465
6,9.15133663200354,19.1237246349327
7,10.0204297845876,20.5227060812946
8,11.6005716873461,21.7861558884885
9,13.1307646472731,22.8294719430221
10,14.6397313632291,23.9564763891523
11,16.3140687810419,25.2290775509057
12,17.2740175428022,25.9714382589406
13,18.6499679526089,26.7427908422361
14,20.337319304316,27.4530447111521
15,21.6338969043404,28.1620778235608
16,22.359922588088,29.8602304238338
17,22.505808826276,30.7054681079714
18,23.3025159191034,31.9701940704216
19,23.7273290291012,33.2323833003712
20,24,34.1785195018648
21,24.15,35.2990172480026
22,25.2259709303528,36.2138567545357
23,26.6848497246095,37.1860547442948
24,27.735208702286,38.1969783172135
25,29.5070813867668,39.1855521840824
26,31.2639337360618,40.0199996839244
27,33.1613612677681,40.8221647088572
28,34.922780974868,41.5219672545673
29,36.1768660001651,42.3284522229146
30,37.6566501854721,43.1902985860884
31,39.2490307665752,43.8501499297762
32,40.9078848018395,44.4761592791177
33,42.8058493598553,45.06877805
34,44.2701727918022,45.7165893718141
35,46.0574399821988,46.3643775355771
36,48.0640746609966,46.9533542645623
37,49.6074638335026,47.4725413476798
38,50.7039711523889,48.2182226762835
39,51.8111531895656,48.9497819078324
40,53,49.712280891875
41,54.15,50.3390764270814
42,55.2572119178786,51.0196254216736
43,56.3438374416377,51.7072507743852
44,57.969131971718,52.3948163600733
45,59.2448517473864,53.0955767476723
46,60.0815926218538,53.6103730468468
47,61.1268678923904,54.1052513958522
48,62.6118525775772,54.6531483561637
49,63.4785170994727,55.1245557763504
50,64.3537839398269,55.7324261963462
51,65.7651684207832,56.3262476619702
52,66.6356672720366,57.0586684950425
53,67.898821936925,58.2300398255262
54,68.565270201269,59.4511452472765
55,69.4263275806842,60.4452557051647
56,70.1938380324734,61.2038687654087
57,70.9913235237249,61.8572345023448
58,71.8205329377441,62.4863139262912
59,73.2409929344593,63.2731254458924
60,76,63.8840950755421
61,77.26,64.5102863336617
62,77.6692994118245,65.1207851318035
63,78.3493947370588,65.7092274625937
64,78.7572209489186,66.4323553051033
65,79.8930732137333,67.0946087227142
66,80.1041112992592,67.8181230728168
67,80.4551873545832,68.4980024021746
68,81.4250898017544,69.0308760712705
69,81.9109267389109,69.7628990454517
70,82.2636841511554,70.3614851339107
71,83.314670651047,70.8954181078209
72,84.0656834961749,71.4845536283048
73,84.5744527089372,72.2254653494934
74,85.4615591140565,72.8786924007661
75,86.5170195496433,73.4955930029892
76,87.528213203544,74.2790645261477
77,88.2484752167035,75.0000959125975
78,88.8358688622994,75.8177220718469
79,89.3255543837369,76.5373469667278
80,90,77.1993172766926
81,90.5,77.8286501464484
82,90.4745531997845,78.5598647196409
83,91.1041467686492,79.1650894493963
84,91.3220552181578,79.9760242286318
85,91.4358898762985,80.6466696167057
86,92.0682661906691,81.331464975311
87,92.4387981778064,82.2054602990447
88,93.1614476944462,83.1019069894852
89,93.7649879561357,83.9985163039234
90,93.963719852501,85.0607152503606
91,94.0577175885026,86.1002108410214
92,94.2087590116593,87.200897654719
93,94.5715746546521,88.429766626264
94,95.235520198685,89.6613091851571
95,95.6589688236552,90.8275912931707
96,95.7446730414838,92.2833482340404
97,95.9495421086063,93.8726892615571
98,98,95.4291223031978
99,99,97.3834772914045
100,100,100
