"minutes","read_gb","write_gb"
"0.0","15.533238423772788","0.04011094860675947"
"0.016666666666666666","15.554431918475398","0.039931898972553295"
"0.03333333333333333","15.590760008975252","0.03961915757757582"
"0.05","15.631472760977536","0.039249300943419746"
"0.06666666666666667","15.664518826446297","0.03890562871409323"
"0.08333333333333333","15.681118127675106","0.03865337649783173"
"0.1","15.679919268898942","0.038522951435215384"
"0.11666666666666667","15.666926759095842","0.038506598040787474"
"0.13333333333333333","15.650509831812405","0.03857071411833408"
"0.15","15.634915100545332","0.03867412427660182"
"0.16666666666666666","15.616958149388646","0.038785120445936266"
"0.18333333333333332","15.589331335134624","0.03888934335310698"
"0.2","15.546832715537393","0.03898565198669418"
"0.21666666666666667","15.490769739190258","0.03907643193622838"
"0.23333333333333334","15.42755724167217","0.03915944459924764"
"0.25","15.362877677358146","0.03922705393258071"
"0.26666666666666666","15.296898056701334","0.03927186791350442"
"0.2833333333333333","15.225024376577986","0.039292911699159265"
"0.3","15.144553682386803","0.03929510756723442"
"0.31666666666666665","15.061558481611694","0.03928322290902438"
"0.3333333333333333","14.991986130069783","0.03925595678249134"
"0.35","14.954709440462096","0.039205616318837656"
"0.36666666666666664","14.96069103046466","0.039124418285425094"
"0.38333333333333336","15.005553800318774","0.03901386125969686"
"0.4","15.070585600373757","0.03888937561000187"
"0.4166666666666667","15.131224637652341","0.038774988599500584"
"0.43333333333333335","15.167113582787485","0.03869207864714939"
"0.45","15.16899392872769","0.038647031506769874"
"0.4666666666666667","15.140510373898303","0.038627524587120016"
"0.48333333333333334","15.095860550191286","0.0386088116954383"
"0.5","15.054666781982139","0.03856561361167016"
"0.5166666666666667","15.03517629104689","0.038484116553517606"
"0.5333333333333333","15.047939411469812","0.03836807340102782"
"0.55","15.092330979420469","0.038236146071703156"
"0.5666666666666667","15.15745560872503","0.03811182754864778"
"0.5833333333333334","15.226378488216374","0.03800877400228618"
"0.6","15.281308027386736","0.037921045535542125"
"0.6166666666666667","15.307925296407793","0.03782716840296664"
"0.6333333333333333","15.297521557735635","0.03770610430959789"
"0.65","15.247887770355767","0.0375552653457543"
"0.6666666666666666","15.162374869969813","0.037397488306668045"
"0.6833333333333333","15.048549122773823","0.03727057206636175"
"0.7","14.917606605615742","0.03720787246718544"
"0.7166666666666667","14.784178872945361","0.03722491946977048"
"0.7333333333333333","14.66514236962419","0.0373176550561018"
"0.75","14.575586105259081","0.03746897029594353"
"0.7666666666666667","14.522247437291337","0.03765595287769305"
"0.7833333333333333","14.499338124088311","0.03785164444238052"
"0.8","14.490815500174481","0.03802904384831393"
"0.8166666666666667","14.478998188117988","0.03816799303968411"
"0.8333333333333334","14.45515568204977","0.038265448314802546"
"0.85","14.42458512895196","0.038339328278040076"
"0.8666666666666667","14.402783082601893","0.03842052240244748"
"0.8833333333333333","14.40575501007752","0.03853424155314774"
"0.9","14.440650376312828","0.038684992042033614"
"0.9166666666666666","14.502966052710816","0.03885393263543089"
"0.9333333333333333","14.580269925135347","0.03900981182105682"
"0.95","14.659809960331218","0.039125908687335745"
"0.9666666666666667","14.734802557692896","0.03919104867023256"
"0.9833333333333333","14.805168935450737","0.03921055173999677"
"1.0","14.873984119398475","0.03920103198859843"
"1.0166666666666666","14.942305308565945","0.03918449159951773"
"1.0333333333333334","15.006420557296522","0.03918309532868012"
"1.05","15.058395445632232","0.039214393220096185"
"1.0666666666666667","15.088036069995294","0.039286378342925296"
"1.0833333333333333","15.085711225347726","0.039393059836896296"
"1.1","15.045314979057036","0.03951636839305506"
"1.1166666666666667","14.968183859605876","0.03963295914783447"
"1.1333333333333333","14.866845487413446","0.039725344470142684"
"1.15","14.765101737613481","0.03978871663211837"
"1.1666666666666667","14.692283612256185","0.039830867041845124"
"1.1833333333333333","14.673456016894905","0.03986382901103937"
"1.2","14.720189564957044","0.03989462804089751"
"1.2166666666666666","14.827592932301393","0.03991931096195326"
"1.2333333333333334","14.977452348842112","0.03992602449109745"
"1.25","15.144035645768849","0.039900407515626235"
"1.2666666666666666","15.298999901450845","0.03983289865353329"
"1.2833333333333334","15.414332572456702","0.03972209757499677"
"1.3","15.466706266820461","0.03957563766443103"
"1.3166666666666667","15.444352551436358","0.03940847449836281"
"1.3333333333333333","15.354386748889773","0.03924013587545755"
"1.35","15.225231792715233","0.03908986436651078"
"1.3666666666666667","15.098778712659119","0.03896937001831188"
"1.3833333333333333","15.013348956002705","0.03887938741628039"
"1.4","14.98651261734283","0.03881279707706762"
"1.4166666666666667","15.0078719995797","0.03876580840929146"
"1.4333333333333333","15.046651523631178","0.038748946468200166"
"1.45","15.069682930183813","0.038788543955843066"
"1.4666666666666666","15.058051476404028","0.038913807089224844"
"1.4833333333333334","15.013274265279199","0.03913421926925359"
"1.5","14.9518241414927","0.039423074682509385"
"1.5166666666666666","14.89444473692108","0.039718639990714566"
"1.5333333333333334","14.858162058439628","0.03994708260274911"
"1.55","14.853427888127749","0.0400536562133182"
"1.5666666666666667","14.884362323981511","0.04002553689415013"
"1.5833333333333333","14.948337449101043","0.03989314466541419"
"1.6","15.034695512948833","0.03971234395952891"
"1.6166666666666667","15.124487687848227","0.03953715922947541"
"1.6333333333333333","15.193719222765962","0.03939918756554424"
"1.65","15.219901885069259","0.03930124905276061"
"1.6666666666666667","15.189510941651896","0.03922671482560875"
"1.6833333333333333","15.102922697266113","0.039154579763983725"
"1.7","14.975160979156083","0.039073338389530074"
"1.7166666666666666","14.831457638277987","0.03898605504523797"
"1.7333333333333334","14.699759601237915","0.038909560341277453"
"1.75","14.60299580835138","0.03886784274109832"
"1.7666666666666666","14.553426922145665","0.03888251763234965"
"1.7833333333333334","14.551139192489519","0.038960803371940654"
"1.8","14.58622773654857","0.03908699021947047"
"1.8166666666666667","14.642568716795854","0.03922398724807574"
"1.8333333333333333","14.70282167712757","0.039328661087954846"
"1.85","14.753342408685867","0.03937482057085809"
"1.8666666666666667","14.787574442075616","0.03936945467714105"
"1.8833333333333333","14.807072570873624","0.03934911062273064"
"1.9","14.819846487852558","0.039358079488100606"
"1.9166666666666667","14.836459520055039","0.0394220184520408"
"1.9333333333333333","14.866671275686077","0.039534988802685495"
"1.95","14.916733879679342","0.03966546715233567"
"1.9666666666666666","14.988030465761057","0.039772385683371686"
"1.9833333333333334","15.076251852757999","0.03981718061754344"
"2.0","15.171589890217893","0.03976697949259997"
"2.0166666666666666","15.259755745153797","0.03959492376523754"
"2.033333333333333","15.325394250837906","0.03928673605800495"
"2.05","15.356364563012956","0.03885340084417238"
"2.066666666666667","15.348027732337748","0.03834173569598785"
"2.0833333333333335","15.30475862713068","0.03783022731201744"
"2.1","15.238242325039312","0.03740829303528416"
"2.1166666666666667","15.163032059118875","0.037147892173036726"
"2.1333333333333333","15.091744698239246","0.03708086287091085"
"2.15","15.032681551823169","0.03719235525518305"
"2.1666666666666665","14.990004856083731","0.03743148315216972"
"2.183333333333333","14.966068532206155","0.03772887223359306"
"2.2","14.962683993191934","0.03801572737995264"
"2.216666666666667","14.97950115094566","0.038237953192074806"
"2.2333333333333334","15.011348819027361","0.038366604095479005"
"2.25","15.047017829836333","0.03840477500021343"
"2.2666666666666666","15.07324306494072","0.038386813320936915"
"2.283333333333333","15.080610789171091","0.038365681005005925"
"2.3","15.068297889398266","0.03839190588503978"
"2.316666666666667","15.043468451714842","0.03849219884522746"
"2.3333333333333335","15.017229684863777","0.038661109543819926"
"2.35","14.999115220172978","0.03886811248871504"
"2.3666666666666667","14.993683429174634","0.03907594856815441"
"2.3833333333333333","14.99910550992896","0.03925849131232255"
"2.4","15.007645052588629","0.03940885537351587"
"2.4166666666666665","15.00742601866946","0.03953430109793661"
"2.433333333333333","14.986068550356208","0.03964376426921997"
"2.45","14.935902529060886","0.03973702916791077"
"2.466666666666667","14.858677650358478","0.03980376461915322"
"2.4833333333333334","14.766886139938268","0.03983166382948511"
"2.5","14.680668699556051","0.039818564495305145"
"2.5166666666666666","14.620104005128816","0.03977820169043771"
"2.533333333333333","14.597379816445939","0.03973422447787458"
"2.55","14.61214888415609","0.03970609535209557"
"2.566666666666667","14.652333216992947","0.03969460651559432"
"2.5833333333333335","14.699915236684362","0.03967791483280857"
"2.6","14.737897160916278","0.03962132341324293"
"2.6166666666666667","14.755056911649621","0.039496511884641275"
"2.6333333333333333","14.747942457644971","0.039300638281705574"
"2.65","14.719438630043378","0.039066044147935464"
"2.6666666666666665","14.676623347544233","0.038851407787517674"
"2.683333333333333","14.628768815625712","0.03872010043161199"
"2.7","14.58729570339816","0.03871169815128335"
"2.716666666666667","14.565332933753362","0.03882152054899893"
"2.7333333333333334","14.576133671259242","0.038998998715082604"
"2.75","14.628123811804974","0.0391665234362054"
"2.7666666666666666","14.719896173621658","0.03925112604619415"
"2.783333333333333","14.838060196069652","0.03921366784516002"
"2.8","14.961133839788188","0.03906048716651596"
"2.816666666666667","15.067217967007243","0.038835050266753615"
"2.8333333333333335","15.140710853800444","0.03859630417372101"
"2.85","15.17539947800326","0.038399115253862415"
"2.8666666666666667","15.172859174773448","0.038284247174399974"
"2.8833333333333333","15.140286999260425","0.03827656972975804"
"2.9","15.08870641609624","0.03838555613814218"
"2.9166666666666665","15.031575564873538","0.03860178234251971"
"2.933333333333333","14.982641082738663","0.03889358248136171"
"2.95","14.952697211693595","0.03921107515835745"
"2.966666666666667","14.94761840742476","0.03950138238919292"
"2.9833333333333334","14.968460366852558","0.03972652546692171"
"3.0","15.012807464492077","0.03987247981574891"
"3.0166666666666666","15.076056835092475","0.03994411096834545"
"3.033333333333333","15.151044524866155","0.03995225754815867"
"3.05","15.22726067600896","0.0399060061924276"
"3.066666666666667","15.291377950207803","0.039814359917755913"
"3.0833333333333335","15.329847129249645","0.039692733188163416"
"3.1","15.333253257982399","0.03956356179684096"
"3.1166666666666667","15.300305968085326","0.03944975498033497"
"3.1333333333333333","15.23895785949897","0.03936651164471688"
"3.15","15.163524452200488","0.03931865965333052"
"3.1666666666666665","15.090095723956809","0.039304752882640535"
"3.183333333333333","15.031402690764244","0.03932129579920289"
"3.2","14.995118372300796","0.03936195222535338"
"3.216666666666667","14.983856611420023","0.03941307005586155"
"3.2333333333333334","14.99652997134128","0.03945168838948779"
"3.25","15.028804098011282","0.039451343615215406"
"3.2666666666666666","15.07228590796059","0.03939235387384189"
"3.283333333333333","15.115516547005093","0.03927237013569861"
"3.3","15.145969000976741","0.03910684609888847"
"3.316666666666667","15.15401892166607","0.03891995149304086"
"3.3333333333333335","15.135461696406391","0.03873062971814709"
"3.35","15.092089662310702","0.03854536309668225"
"3.3666666666666667","15.030662137409156","0.03836294223271314"
"3.3833333333333333","14.960838528827406","0.03818802082340383"
"3.4","14.892483187452733","0.03804195375977551"
"3.4166666666666665","14.832509789701216","0.0379597635210812"
"3.433333333333333","14.781756148951501","0.03797438957686905"
"3.45","14.734890597514276","0.0380963088091252"
"3.466666666666667","14.683300481749097","0.038303849330902986"
"3.4833333333333334","14.62104872727824","0.03854886940012634"
"3.5","14.550178484919755","0.03877607658970985"
"3.5166666666666666","14.482542995359589","0.038941113965049755"
"3.533333333333333","14.436563645638476","0.03902066663324638"
"3.55","14.431230040135244","0.039011223296375686"
"3.566666666666667","14.47798647402394","0.03892589812974678"
"3.5833333333333335","14.574934080482969","0.03879290966131613"
"3.6","14.70560092698631","0.03865634255859629"
"3.6166666666666667","14.843628585378076","0.03857108304143854"
"3.6333333333333333","14.961723843514733","0.0385868407135841"
"3.65","15.040298629056553","0.03872345694735074"
"3.6666666666666665","15.072382052184292","0.0389543439671186"
"3.683333333333333","15.062806100580591","0.03920815076709844"
"3.7","15.023612719843692","0.03939340274296377"
"3.716666666666667","14.969186559214492","0.03943531038463057"
"3.7333333333333334","14.912666712796451","0.039307194046754805"
"3.75","14.864270331094335","0.03904230359908399"
"3.7666666666666666","14.830394675991474","0.03872117768796044"
"3.783333333333333","14.81247733633304","0.03844111104033004"
"3.8","14.806887874739415","0.03832764051532384"
"3.816666666666667","14.807089440591003","0.03847300936608799"
"3.8333333333333335","14.806807353262004","0.03908840481444623"
"3.85","14.802124038252455","0.04065505003162376"
"3.8666666666666667","14.789059309494212","0.04444779515581245"
"3.8833333333333333","14.75732255323162","0.05275287429103972"
"3.9","14.683716665754943","0.06957464810953039"
"3.9166666666666665","14.53187092462455","0.10043028415820132"
"3.933333333333333","14.261824330988127","0.15157279558990452"
"3.95","13.84771892971471","0.22829328865338386"
"3.966666666666667","13.294509705313937","0.33283037375778174"
"3.9833333333333334","12.644812517255966","0.4628932528735596"
"4.0","11.969069120377709","0.6110746800739584"
"4.016666666666667","11.343797352875953","0.7655562736388243"
"4.033333333333333","10.827478144751062","0.91170636430729"
"4.05","10.446373611240132","1.034825391858325"
"4.066666666666666","10.194463204395536","1.123676199292323"
"4.083333333333333","10.044516926884025","1.1741367057955194"
"4.1","9.962534215243828","1.1907112945848306"
"4.116666666666666","9.918446495810201","1.1846934515854473"
"4.133333333333334","9.890901897668503","1.169785892993539"
"4.15","9.867134284761534","1.157559105224566"
"4.166666666666667","9.840929672491011","1.1550197225734085"
"4.183333333333334","9.810075623677196","1.1644697456159905"
"4.2","9.774750861292016","1.184386156847932"
"4.216666666666667","9.736574455181813","1.2101037444008704"
"4.233333333333333","9.697705901692986","1.2346827439304429"
"4.25","9.660619815267669","1.2505241259018487"
"4.266666666666667","9.627574276909787","1.2522090146780234"
"4.283333333333333","9.600344723451315","1.238530098768579"
"4.3","9.580054433748648","1.2131686618878033"
"4.316666666666666","9.567078946417393","1.1821233683031749"
"4.333333333333333","9.560974789920614","1.1508910446406313"
"4.35","9.560400049219627","1.1224192232548982"
"4.366666666666666","9.563045531404224","1.0976330859588181"
"4.383333333333334","9.565649919847397","1.0774588658387518"
"4.4","9.56419534556069","1.0642038986424303"
"4.416666666666667","9.554350490959543","1.060717576372534"
"4.433333333333334","9.532151089501863","1.067667721067509"
"4.45","9.494810454579834","1.0812578576506806"
"4.466666666666667","9.441474249855617","1.0937649374165268"
"4.483333333333333","9.373706907766143","1.0970360317780128"
"4.5","9.295536220185404","1.0863234077970794"
"4.516666666666667","9.21298000531025","1.062357453101745"
"4.533333333333333","9.133109250285266","1.0303779391316292"
"4.55","9.062830874510214","0.9976091071451259"
"4.566666666666666","9.007663340956592","0.9711891835890618"
"4.583333333333333","8.9707987371197","0.9571233857381332"
"4.6","8.95268067786614","0.95983006869484"
"4.616666666666666","8.95118974593505","0.9810533471190375"
"4.633333333333334","8.962357885588993","1.0182161055598022"
"4.65","8.981389088015511","1.0630038558274486"
"4.666666666666667","9.003698342943306","1.1024002020144246"
"4.683333333333334","9.025714538287295","1.1227362420355846"
"4.7","9.045303245596763","1.1154503742890098"
"4.716666666666667","9.061799223750668","1.0809325548486164"
"4.733333333333333","9.075741364692474","1.0285053797310337"
"4.75","9.088445363924539","0.9719421926784628"
"4.766666666666667","9.101536907112495","0.9235637831190394"
"4.783333333333333","9.116528869132756","0.8902669636123921"
"4.8","9.134488987546405","0.8726411751464178"
"4.816666666666666","9.155822541700452","0.8670130672241048"
"4.833333333333333","9.180182140446918","0.8686600584579486"
"4.85","9.20650082405702","0.8745127261523866"
"4.866666666666666","9.233119570365167","0.8844271649927309"
"4.883333333333334","9.257954676135002","0.900243608924761"
"4.9","9.278642645289551","0.9233868060624479"
"4.916666666666667","9.292624343190855","0.952363594089572"
"4.933333333333334","9.297183102407965","0.9820015536445439"
"4.95","9.289509170444047","1.0052755387211687"
"4.966666666666667","9.266890462839227","1.01651679382884"
"4.983333333333333","9.227100287300669","1.013798117201659"
"5.0","9.168965860356213","0.999225639875263"
"5.016666666666667","9.09298848283398","0.9775970503269059"
"5.033333333333333","9.00180014888325","0.9546292597304981"
"5.05","8.900232717952766","0.9358610738229602"
"5.066666666666666","8.794866257656423","0.9263441926538687"
"5.083333333333333","8.693089669969002","0.9301087911328482"
"5.1","8.601886134228355","0.9491878437551484"
"5.116666666666666","8.526671361732769","0.9820958006679924"
"5.133333333333334","8.470510105535539","1.0227699727410515"
"5.15","8.433912724510295","1.0611683473788038"
"5.166666666666667","8.415219769143068","1.0860526716655334"
"5.183333333333334","8.411398531023524","1.0891203087732357"
"5.2","8.418971134008883","1.068202606722211"
"5.216666666666667","8.434797872412261","1.02803168146095"
"5.233333333333333","8.456533189547962","0.9778373454248034"
"5.25","8.48270560778004","0.9275511371342068"
"5.266666666666667","8.51249465581031","0.8847578551173882"
"5.283333333333333","8.545352549908475","0.8532619663229555"
"5.3","8.58063517780421","0.8330751845519367"
"5.316666666666666","8.617373801558916","0.8213735540475395"
"5.333333333333333","8.654254236102222","0.8138865085348854"
"5.35","8.689796148931164","0.8069340846253932"
"5.366666666666666","8.722662643347622","0.7997889922054277"
"5.383333333333334","8.751995278581601","0.7962253806448056"
"5.4","8.777668750078616","0.8039148655674453"
"5.416666666666667","8.80038833959697","0.8311747037845664"
"5.433333333333334","8.821599332363272","0.8821876107217389"
"5.45","8.843225574789557","0.9535295044873651"
"5.466666666666667","8.86729208892973","1.0339007851169706"
"5.483333333333333","8.895508110171615","1.1081844060819317"
"5.5","8.928891536864692","1.1630256720426582"
"5.516666666666667","8.967505930246007","1.1915068219859766"
"5.533333333333333","9.010359894312248","1.1940043508830116"
"5.55","9.055489042612798","1.1759825527425865"
"5.566666666666666","9.100206897758225","1.144910326906717"
"5.583333333333333","9.141478773574768","1.1084292373921312"
"5.6","9.176348855807008","1.0741760583763298"
"5.616666666666666","9.202341204490974","1.0499226239421666"
"5.633333333333334","9.217762646777627","1.0424496001894528"
"5.65","9.221857486978815","1.0552226710899797"
"5.666666666666667","9.214795257306914","1.0863475606696904"
"5.683333333333334","9.197506871797769","1.1283597296649854"
"5.7","9.171415356263942","1.1703058821050898"
"5.716666666666667","9.138129049175893","1.201073865046257"
"5.733333333333333","9.099172319442399","1.212225333849539"
"5.75","9.055817511910371","1.1997432808198145"
"5.766666666666667","9.00905250411504","1.164711630649039"
"5.783333333333333","8.959677950339117","1.113331129377448"
"5.8","8.908489375893847","1.0560556615146095"
"5.816666666666666","8.856474815743553","1.0055905878371856"
"5.833333333333333","8.804956691969467","0.9732936236934551"
"5.85","8.755626878526906","0.9651828237905525"
"5.866666666666666","8.71045875848792","0.9793022225887482"
"5.883333333333334","8.671517978063115","1.0063879011124195"
"5.9","8.640723112282764","1.0338383854357651"
"5.916666666666667","8.619620139521937","1.0512966747990828"
"5.933333333333334","8.609226941999916","1.054299708771165"
"5.95","8.609978384880005","1.04494076735183"
"5.966666666666667","8.621767102516039","1.0294582620340198"
"5.983333333333333","8.644042120986349","1.0151712613940267"
"6.0","8.675909375884249","1.0081989640948623"
"6.016666666666667","8.716183472314704","1.0123266919210794"
"6.033333333333333","8.763369319813906","1.0285139537385648"
"6.05","8.8155964740427","1.0546090278185334"
"6.066666666666666","8.870570394512434","1.0853599215826066"
"6.083333333333333","8.925622099072152","1.1134270991398276"
"6.1","8.9779152173694","1.1315182500046492"
"6.116666666666666","9.024807590110008","1.134935319446138"
"6.133333333333334","9.064284921623","1.122983361607885"
"6.15","9.095323681030328","1.0984728179247698"
"6.166666666666667","9.118034975931694","1.0658659209732508"
"6.183333333333334","9.133503814788634","1.0291669769953486"
"6.2","9.14334877619133","0.990971960535308"
"6.216666666666667","9.149138376915968","0.9530233941203436"
"6.233333333333333","9.151861011191691","0.9175414735543087"
"6.25","9.1516263449118","0.888338970672427"
"6.266666666666667","9.147686147867773","0.8704950181896977"
"6.283333333333333","9.138742989493446","0.8684071661306084"
"6.3","9.12341827147547","0.8829532991855231"
"6.316666666666666","9.100714322131715","0.9094228270204006"
"6.333333333333333","9.070335589859823","0.9382717102756641"
"6.35","9.032808110239142","0.95872209109381"
"6.366666666666666","8.989416085893751","0.9635015551318493"
"6.383333333333334","8.942026035501799","0.9517698557776468"
"6.4","8.892877875108812","0.9284651776999386"
"6.416666666666667","8.844395407200894","0.9009943534179992"
"6.433333333333334","8.799027118701611","0.8757005290038872"
"6.45","8.759095452134776","0.8560340446525856"
"6.466666666666667","8.726624787282297","0.8427150097004255"
"6.483333333333333","8.703138245829841","0.8347708863452242"
"6.5","8.689450564001326","0.8300678214084121"
"6.516666666666667","8.685518437178064","0.8249145110252638"
"6.533333333333333","8.690419253509045","0.8134096230886114"
"6.55","8.702501937424575","0.7877262025662882"
"6.566666666666666","8.71969611058732","0.7402489475646257"
"6.583333333333333","8.739902901457977","0.6668481325292408"
"6.6","8.76135448303707","0.5697946490666488"
"6.616666666666666","8.782840628684625","0.45828327157742355"
"6.633333333333334","8.803755501643458","0.34576020961161436"
"6.65","8.823989142145521","0.245299132770341"
"6.666666666666667","8.843740406922194","0.16547824903247774"
"6.683333333333334","8.8633387441911","0.10879871327982842"
"6.7","8.883132819561865","0.07263199299919955"
"6.716666666666667","8.903456856486532","0.052397266437965745"
"6.733333333333333","8.92464777154907","0.04457405408081285"
"6.75","8.947073816071613","0.04900031530215693"
"6.766666666666667","8.971146863240143","0.07010625271344886"
"6.783333333333333","8.997311705332955","0.11663093566212161"
"6.8","9.026021783255782","0.19913387856863674"
"6.816666666666666","9.057714716086922","0.32521420635367"
"6.833333333333333","9.092795397393276","0.49368980656236344"
"6.85","9.131626132514949","0.6906094897443372"
"6.866666666666666","9.17451709153178","0.8907084685659981"
"6.883333333333334","9.221706517251924","1.0650412016681754"
"6.9","9.273317221256448","1.1914884742391854"
"6.916666666666667","9.329275324804057","1.2626439745440403"
"6.933333333333334","9.38918433206634","1.286980241966747"
"6.95","9.452167360625314","1.2833709067389871"
"6.966666666666667","9.516719999606167","1.2722867827592905"
"6.983333333333333","9.580642265732791","1.2681457787013355"
"7.0","9.641121353328801","1.2753300109697203"
"7.016666666666667","9.695004883036036","1.288691604669927"
"7.033333333333333","9.739242661717364","1.2977489867045724"
"7.05","9.771408276648286","1.2923349090052385"
"7.066666666666666","9.790172257020636","1.267302646179218"
"7.083333333333333","9.795607000469019","1.2241424638320262"
"7.1","9.789256675668089","1.169738495442079"
"7.116666666666666","9.773976141275634","1.11319249864919"
"7.133333333333334","9.753597230287678","1.0627322478635386"
"7.15","9.73249686642372","1.0243541683908013"
"7.166666666666667","9.715122391354436","1.0013906429684853"
"7.183333333333334","9.705499338283587","0.9946602300640415"
"7.2","9.706734466424267","1.0025149445093506"
"7.216666666666667","9.720546548809768","1.0207851040354787"
"7.233333333333333","9.746899050140623","1.043101299078482"
"7.25","9.783842651634624","1.0622515608604077"
"7.266666666666667","9.827669421809063","1.0725605063895398"
"7.283333333333333","9.873419830237172","1.0719176936118409"
"7.3","9.915683335900907","1.062609625893684"
"7.316666666666666","9.949532139041379","1.049996551684503"
"7.333333333333333","9.9713708647598","1.0401023587493152"
"7.35","9.979500191283174","1.037536931027017"
"7.366666666666666","9.974275644593499","1.044520892746134"
"7.383333333333334","9.957860203389307","1.0611651014894772"
"7.4","9.933674916141644","1.0857373822811263"
"7.416666666666667","9.905709371364875","1.1147966071576227"
"7.433333333333334","9.87785251228596","1.143057944106981"
"7.45","9.853358473611465","1.1640362157717155"
"7.466666666666667","9.83450000979282","1.1719787152691368"
"7.483333333333333","9.822409461069899","1.1642757804609225"
"7.5","9.817076605616487","1.1428076482881766"
"7.516666666666667","9.817462515403978","1.1128218206336116"
"7.533333333333333","9.821689776472791","1.0806143844840097"
"7.55","9.82727462004294","1.0507029440519875"
"7.566666666666666","9.831373646178857","1.0245433651606042"
"7.583333333333333","9.831028410205665","1.0010539267718894"
"7.6","9.823404862400643","0.9784360774510557"
"7.616666666666666","9.806036183012738","0.956522543130256"
"7.633333333333334","9.77707861812266","0.9380920124737867"
"7.65","9.735575235438315","0.9281576431927189"
"7.666666666666667","9.681695435505446","0.9312318065077285"
"7.683333333333334","9.616891112964492","0.9480217871667832"
"7.7","9.543899861334324","0.9737892217699087"
"7.716666666666667","9.466542975689126","0.9994726435171819"
"7.733333333333333","9.389310869849272","1.0151431608599877"
"7.75","9.316787557458387","1.0129538829082931"
"7.766666666666667","9.253017977346264","0.9881410017364299"
"7.783333333333333","9.200947394531891","0.9383656081779141"
"7.8","9.162050675231916","0.8629166622156043"
"7.816666666666666","9.136224090647726","0.7632929379097414"
"7.833333333333333","9.121948025329733","0.644561631316366"
"7.85","9.116665529989582","0.5161164472674056"
"7.866666666666666","9.11727728613791","0.39029334369367197"
"7.883333333333334","9.12063899174097","0.279142438897369"
"7.9","9.123962947990568","0.1908473478242998"
"7.916666666666667","9.125062710246839","0.12780675154132012"
"7.933333333333334","9.122423572642676","0.08714874810667006"
"7.95","9.115118684836759","0.06293023126819029"
"7.966666666666667","9.102613801649483","0.04882623926232844"
"7.983333333333333","9.084514943009353","0.03996840161471005"
"8.0","9.060319806679363","0.03351291266200055"
"8.016666666666667","9.029240410710246","0.02833508154493078"
"8.033333333333333","8.990166774509769","0.02425901830818729"
"8.05","8.941826374671917","0.021430652048661313"
"8.066666666666666","8.883149071925768","0.01994133814043121"
"8.083333333333334","8.81377361952459","0.0196398060891171"
"8.1","8.734552965741731","0.020180593007775582"
"8.116666666666667","8.647870422322953","0.02107887010134046"
"8.133333333333333","8.55760250913193","0.021798623993453"
"8.15","8.468664729755679","0.021856256917071496"
"8.166666666666666","8.38622241648468","0.02094493666687322"
"8.183333333333334","8.314779620597784","0.019110625600897428"
"8.2","8.257414100572541","0.016788520048156"
"8.216666666666667","8.215377391225124","0.01484263219220132"
"8.233333333333333","8.18814639984324","0.014999373219876516"
"8.25","8.17385677562876","0.02019972387270837"
"8.266666666666667","8.169935821402479","0.03552343910332191"
"8.283333333333333","8.173724570528794","0.06867961292461604"
"8.3","8.18293140929825","0.12942058338947227"
"8.316666666666666","8.195854256536293","0.22672623801347389"
"8.333333333333334","8.211396411621077","0.3640330720718773"
"8.35","8.22895111691237","0.5345484967615154"
"8.366666666666667","8.248237587400537","0.7201879306664034"
"8.383333333333333","8.269152562008678","0.8959758770257145"
"8.4","8.291675394169317","1.039229308797302"
"8.416666666666666","8.315841014638556","1.137998286766547"
"8.433333333333334","8.341773317631361","1.1942992750582033"
"8.45","8.369749215209401","1.2207406108517431"
"8.466666666666667","8.400244608357085","1.233429963248514"
"8.483333333333333","8.433908462272312","1.2455587389161942"
"8.5","8.471429759386364","1.2639739225034219"
"8.516666666666667","8.513303410633242","1.2886520474559235"
"8.533333333333333","8.559549962590857","1.3142144645036662"
"8.55","8.609476587750256","1.3328727314734554"
"8.566666666666666","8.661564255440641","1.3382457234146503"
"8.583333333333334","8.713525215403125","1.3285282868676955"
"8.6","8.762513052009368","1.3069685334046879"
"8.616666666666667","8.805414527353518","1.2795502816699513"
"8.633333333333333","8.839136386025535","1.250891397400176"
"8.65","8.860831912714751","1.221665312406469"
"8.666666666666666","8.868076036249619","1.1897345096810683"
"8.683333333333334","8.859056872586853","1.153619702198807"
"8.7","8.832863827798786","1.1162300179490288"
"8.716666666666667","8.789895288012119","1.0852807053598679"
"8.733333333333333","8.732298688143771","1.0697564924195786"
"8.75","8.664247908747027","1.0743283592324717"
"8.766666666666667","8.59182852882826","1.0956305712315513"
"8.783333333333333","8.522386739807938","1.1232413148818303"
"8.8","8.463389392084355","1.144806970054018"
"8.816666666666666","8.42106259545281","1.1519299324740913"
"8.833333333333334","8.399215882547864","1.1433120849041165"
"8.85","8.398637344391508","1.1240001509740922"
"8.866666666666667","8.417257864475673","1.1022137586395082"
"8.883333333333333","8.451008423279285","1.0860207797155097"
"8.9","8.495054765187016","1.0810940192631993"
"8.916666666666666","8.544988217297723","1.0894247231592875"
"8.933333333333334","8.597610304945196","1.1089032337357205"
"8.95","8.651127456989904","1.133533489011111"
"8.966666666666667","8.704785769962628","1.1550093023414458"
"8.983333333333333","8.758146262112339","1.1654299019067136"
"9.0","8.810286131368846","1.1602953053318386"
"9.016666666666667","8.859206550093987","1.1399796142748124"
"9.033333333333333","8.901649843886549","1.108669275398047"
"9.05","8.933403687134138","1.0720718694777425"
"9.066666666666666","8.95002687586423","1.0348750872776014"
"9.083333333333334","8.947805792065482","1.0000559164207758"
"9.1","8.924679795531599","0.969815228689702"
"9.116666666666667","8.880881776693835","0.9469760244749825"
"9.133333333333333","8.819124361809623","0.9353322403338271"
"9.15","8.744290697021466","0.9382911446811079"
"9.166666666666666","8.662714192080047","0.9563697861580549"
"9.183333333333334","8.581214788608666","0.9854440866437648"
"9.2","8.506085665625381","1.0171651210640427"
"9.216666666666667","8.442204766270073","1.0422552801562692"
"9.233333333333333","8.392403059050132","1.0543382957489866"
"9.25","8.35717425473481","1.0527293181460808"
"9.266666666666667","8.334763920849486","1.0416454361133791"
"9.283333333333333","8.321625610899128","1.0271590168113534"
"9.3","8.313175501306246","1.0140215928575411"
"9.316666666666666","8.304722495282732","1.0041486623494762"
"9.333333333333334","8.292413565254815","0.9971265597818726"
"9.35","8.274029052765172","0.9912650240534827"
"9.366666666666667","8.24949372697437","0.9846543285982641"
"9.383333333333333","8.221026713553272","0.9751036503915412"
"9.4","8.192918653170146","0.9607283135146312"
"9.416666666666666","8.170980674655906","0.9413128752039306"
"9.433333333333334","8.16174872565422","0.9202427485674022"
"9.45","8.171549964702765","0.9050133769565272"
"9.466666666666667","8.20555198549791","0.9046906352620838"
"9.483333333333333","8.266925704381173","0.9250923480501746"
"9.5","8.356256965220915","0.96409845259064"
"9.516666666666667","8.471330183987613","1.011099544657767"
"9.533333333333333","8.607365799103677","1.0515491050812318"
"9.55","8.757714003035979","1.0738468608014535"
"9.566666666666666","8.914899373297319","1.0744686761071398"
"9.583333333333334","9.07180515020865","1.0581951088951767"
"9.6","9.222725207711825","1.034697852626989"
"9.616666666666667","9.364031159986958","1.01424229120604"
"9.633333333333333","9.494306342224524","1.0047240306602037"
"9.65","9.613954252305069","1.0105677549648848"
"9.666666666666666","9.724438218662701","1.0323547985745"
"9.683333333333334","9.8273967283756","1.0667363770232052"
"9.7","9.923879780747065","1.1071185734576703"
"9.716666666666667","10.013879153626254","1.1453988106568294"
"9.733333333333333","10.096219372977142","1.174623578743044"
"9.75","10.16877925531459","1.1915069136067555"
"9.766666666666667","10.22895200592718","1.1970876069478855"
"9.783333333333333","10.27422766455586","1.1953581067886967"
"9.8","10.302782217168263","1.191423752939641"
"9.816666666666666","10.313968089771125","1.1893506165391718"
"9.833333333333334","10.308614708198398","1.1911922153847037"
"9.85","10.289069252543525","1.1965437640994259"
"9.866666666666667","10.25894435467754","1.2026426886014179"
"9.883333333333333","10.222593693726036","1.2049986026147739"
"9.9","10.18439992442378","1.198853811256283"
"9.916666666666666","10.148014608726493","1.1810152766499509"
"9.933333333333334","10.115717428496719","1.1509165786179563"
"9.95","10.088049314184428","1.1100506074427485"
"9.966666666666667","10.063820732758236","1.060103807614781"
"9.983333333333333","10.040513803224437","1.0008052761002841"
"10.0","10.015004640177036","0.9295240421236053"
"10.016666666666667","9.98445219477309","0.8426113935052664"
"10.033333333333333","9.94715135470577","0.738288238200095"
"10.05","9.903145028863731","0.619077519578372"
"10.066666666666666","9.854437720759444","0.49264096065085683"
"10.083333333333334","9.804745740427805","0.37046067793496806"
"10.1","9.758837405863115","0.26511856553317603"
"10.116666666666667","9.721629041414607","0.187572368189098"
"10.133333333333333","9.697272951087625","0.14589419673673465"
"10.15","9.688473049467236","0.14500930750807609"
"10.166666666666666","9.696185305210873","0.18648550592912333"
"10.183333333333334","9.719726377492911","0.26763342127975615"
"10.2","9.757173613404785","0.38007103331219777"
"10.216666666666667","9.805850024170304","0.5094737125702498"
"10.233333333333333","9.86268899847608","0.6383381473107352"
"10.25","9.924367254661078","0.7510168451202472"
"10.266666666666667","9.987239666491842","0.8387778828338293"
"10.283333333333333","10.047237658324878","0.9016446280288521"
"10.3","10.099939124944461","0.9464693372784752"
"10.316666666666666","10.140953200188576","0.9828089797845339"
"10.333333333333334","10.166611007787989","1.0192706700123226"
"10.35","10.174781607873829","1.0618635828609697"
"10.366666666666667","10.165522599674944","1.1136444333700868"
"10.383333333333333","10.141284228092662","1.174347702206315"
"10.4","10.106518214399363","1.2398568329629254"
"10.416666666666666","10.066746051602383","1.3022846594106094"
"10.433333333333334","10.027333407770207","1.3521042869768527"
"10.45","9.992322744331785","1.3816264751634693"
"10.466666666666667","9.963660493149193","1.3880813996000487"
"10.483333333333333","9.941032989062847","1.3740053025926722"
"10.5","9.922346500386888","1.3446534843688542"
"10.516666666666667","9.904709195352233","1.3049518451719488"
"10.533333333333333","9.88564149295274","1.2579357963814484"
"10.55","9.864180248118263","1.206120767186864"
"10.566666666666666","9.841559738873226","1.1542758801236281"
"10.583333333333334","9.821246275724594","1.1111061247420362"
"10.6","9.808260588179476","1.0880177016361094"
"10.616666666666667","9.807914089410211","1.0946275858490822"
"10.633333333333333","9.824264878037294","1.1324921821471323"
"10.65","9.858917570479395","1.189777960737195"
"10.666666666666666","9.910170827740217","1.2406161892258831"
"10.683333333333334","9.973518004757818","1.2518950486290403"
"10.7","10.043825361027139","1.1964750753312337"
"10.716666666666667","10.118773144550907","1.066322855220174"
"10.733333333333333","10.203372856812086","0.8775925511984966"
"10.75","10.314205693448733","0.6640243970677505"
"10.766666666666667","10.479746276108186","0.4624084943883025"
"10.783333333333333","10.734833789468318","0.2990078670445681"
"10.8","11.10776811234085","0.18359204147440064"
"10.816666666666666","11.604821818444021","0.11184793770602462"
"10.833333333333334","12.200462655300324","0.07235147137201063"
"10.85","12.840579126283082","0.052955510600679365"
"10.866666666666667","13.459995576110046","0.044382682443325924"
"10.883333333333333","14.004194840709955","0.04087854175651731"
"10.9","14.443908268792377","0.03943023555844997"
"10.916666666666666","14.774638331274817","0.038782325170102654"
"10.933333333333334","15.005894430557868","0.038450931246087346"
"10.95","15.14935163078772","0.038303994474256274"
"10.966666666666667","15.214316445956245","0.03828516139028438"
"10.983333333333333","15.210221442241219","0.03838702053188818"
"11.0","15.151202389826734","0.038562366115605644"
"11.016666666666667","15.056381817562999","0.03874541686597738"
"11.033333333333333","14.94615595212062","0.03888081478614299"
"11.05","14.837392813462332","0.038953223587418775"
"11.066666666666666","14.741840480350488","0.03898843198524546"
"11.083333333333334","14.667763153242495","0.03903824900785127"
"11.1","14.622217915472891","0.03914736242753239"
"11.116666666666667","14.61103866890947","0.039324198985517186"
"11.133333333333333","14.636722801307151","0.03952852896080823"
"11.15","14.695535476580504","0.03968714476108019"
"11.166666666666666","14.776561159110368","0.03972814643850632"
"11.183333333333334","14.864185311178623","0.039619088876790526"
"11.2","14.941933503917873","0.039385204688638514"
"11.216666666666667","14.997524850344577","0.039099323449381426"
"11.233333333333333","15.026518825698368","0.03884782783501449"
"11.25","15.034021609146784","0.03869337699123628"
"11.266666666666667","15.033203486661865","0.03865358749116235"
"11.283333333333333","15.040154875563271","0.03870394138721541"
"11.3","15.068377442306991","0.038798266961779695"
"11.316666666666666","15.12364944922759","0.03889146695976217"
"11.333333333333334","15.203353104251576","0.0389542970153089"
"11.35","15.298477827088492","0.03897814266959168"
"11.366666666666667","15.396834608998716","0.03897298081204219"
"11.383333333333333","15.485536152578137","0.03896002743185012"
"11.4","15.552712299856124","0.03896302573092489"
"11.416666666666666","15.589391189689053","0.03899894962561407"
"11.433333333333334","15.592535359260175","0.03907407144202719"
"11.45","15.566847882721392","0.03918153336738044"
"11.466666666666667","15.524010353607537","0.03930208186749869"
"11.483333333333333","15.478080531809184","0.039404875843107715"
"11.5","15.439843075937153","0.039454476130829995"
"11.516666666666667","15.411891227210377","0.03942220959834884"
"11.533333333333333","15.388456669823555","0.03929751257651174"
"11.55","15.359014922551465","0.03909293384696426"
"11.566666666666666","15.315218692408045","0.038838448618973835"
"11.583333333333334","15.256736755789193","0.03857008005310457"
"11.6","15.192892427283605","0.03831823546957012"
"11.616666666666667","15.138376696421666","0.03810189110501239"
"11.633333333333333","15.105648012236344","0.03792642119477725"
"11.65","15.099038645157771","0.037787087769119494"
"11.666666666666666","15.113498864083747","0.037675733248516766"
"11.683333333333334","15.13840324149456","0.03758892724260005"
"11.7","15.162640511831036","0.03753308773525463"
"11.716666666666667","15.1784358907553","0.03752364190374039"
"11.733333333333333","15.182888098683243","0.03757701017039736"
"11.75","15.17623414108429","0.037702461705468614"
"11.766666666666667","15.159214838291302","0.03789373019929519"
"11.783333333333333","15.131021933967185","0.03812755079813912"
"11.8","15.089979929622817","0.03836940772541472"
"11.816666666666666","15.03727160979442","0.03858659504187063"
"11.833333333333334","14.980849761129935","0.038763848177184416"
"11.85","14.935812014976113","0.03891186062158911"
"11.866666666666667","14.91912660076132","0.039063390783828436"
"11.883333333333333","14.941379690906045","0.039255795560023295"
"11.9","15.0004723898471","0.039509688958313104"
"11.916666666666666","15.081617702572341","0.03981330055345733"
"11.933333333333334","15.16383892132665","0.040122176691672715"
"11.95","15.22856232717595","0.040372900823909874"
"11.966666666666667","15.265654456069766","0.04050396690216371"
"11.983333333333333","15.272856381785958","0.04047663823846141"
"12.0","15.251803907461483","0.04028827183398152"
"12.016666666666667","15.205097207655685","0.03997393710521342"
"12.033333333333333","15.137918236590776","0.03959664621153451"
"12.05","15.061008791639138","0.03922981034729261"
"12.066666666666666","14.989670010078378","0.03893679842179469"
"12.083333333333334","14.937183237771043","0.038753273605597965"
"12.1","14.907967805724521","0.03867961478525671"
"12.116666666666667","14.897785645607458","0.038683878472121506"
"12.133333333333333","14.901841496231214","0.03871713240560458"
"12.15","14.923295416956021","0.038734845806634666"
"12.166666666666666","14.972754858393394","0.03871431438465478"
"12.183333333333334","15.057995922143512","0.038661732246924006"
"12.2","15.171830279835687","0.03860251236681945"
"12.216666666666667","15.288859050531364","0.03856384973831552"
"12.233333333333333","15.375197880961885","0.038560181278432436"
"12.25","15.404146860771107","0.03859158943569024"
"12.266666666666667","15.36823574868762","0.038650818559690756"
"12.283333333333333","15.280408405422367","0.03873094742046965"
"12.3","15.165314122263283","0.0388283088229802"
"12.316666666666666","15.047455819385004","0.038941281099219224"
"12.333333333333334","14.942623633667608","0.039071283788718936"
"12.35","14.856160913158643","0.0392249545727995"
"12.366666666666667","14.786398886705651","0.0394133031708255"
"12.383333333333333","14.730430112986744","0.039642612537586885"
"12.4","14.687973706132254","0.039900712964259316"
"12.416666666666666","14.662267476392433","0.040152134951204344"
"12.433333333333334","14.657888007911026","0.04034971298505784"
"12.45","14.67704381544916","0.04045935470670453"
"12.466666666666667","14.716312891024597","0.04047879529806241"
"12.483333333333333","14.765890382523608","0.04043594701210354"
"12.5","14.812899245445621","0.040366901295079596"
"12.516666666666667","14.847065561822143","0.04029225142337713"
"12.533333333333333","14.86696775900421","0.04020893120089118"
"12.55","14.881761494357887","0.0401034875064211"
"12.566666666666666","14.907203776469556","0.0399733167702102"
"12.583333333333334","14.956882463619705","0.03983728948375878"
"12.6","15.03313539377392","0.03972692796936337"
"12.616666666666667","15.124706106151415","0.039666212528588825"
"12.633333333333333","15.212152690633868","0.039656543927271116"
"12.65","15.278645604295306","0.03967762698430209"
"12.666666666666666","15.318717571751083","0.03970070278931794"
"12.683333333333334","15.339070594451325","0.039703990837912644"
"12.7","15.352712338539892","0.03967850549337064"
"12.716666666666667","15.370736557219164","0.03962442597976959"
"12.733333333333333","15.397217569339134","0.03954544747330192"
"12.75","15.428826692937834","0.039445123972653796"
"12.766666666666667","15.45727555672993","0.03932786948850637"
"12.783333333333333","15.472334818947248","0.0392008906623851"
"12.8","15.463665037307429","0.0390762086010045"
"12.816666666666666","15.423769051068923","0.038968946116593565"
"12.833333333333334","15.351077661580637","0.03889355881461"
"12.85","15.253118505194859","0.03885848170676153"
"12.866666666666667","15.146147708851494","0.03886131395312785"
"12.883333333333333","15.050357407489935","0.03888977541176669"
"12.9","14.981906199877548","0.038927235598475655"
"12.916666666666666","14.947156574342342","0.03895947811846637"
"12.933333333333334","14.943129162640508","0.03897584111086273"
"12.95","14.962647557941219","0.038967874455377416"
"12.966666666666667","15.000703273214743","0.038926071603594646"
"12.983333333333333","15.056154366843241","0.03884331451907712"
"13.0","15.128824203371254","0.03872211109693229"
"13.016666666666667","15.2152846373631","0.03858261005304341"
"13.033333333333333","15.306975974508825","0.03846230125680786"
"13.05","15.39203824797626","0.038405440728625666"
"13.066666666666666","15.458730088574494","0.03844574749009347"
"13.083333333333334","15.498997569839466","0.03859098543093825"
"13.1","15.510998705839015","0.03881704778019201"
"13.116666666666667","15.500339941446448","0.03907603397131876"
"13.133333333333333","15.478976581317884","0.03931287261501312"
"13.15","15.460308877514663","0.039482473930457646"
"13.166666666666666","15.45296998586468","0.03955895607012269"
"13.183333333333334","15.456618792602926","0.03953483144790267"
"13.2","15.462097837676584","0.03941608508994521"
"13.216666666666667","15.456400712302026","0.0392205498606343"
"13.233333333333333","15.427972112877885","0.038982202165412885"
"13.25","15.371014913024474","0.03875415913712055"
"13.266666666666667","15.28731425465933","0.03860039253382328"
"13.283333333333333","15.186953072742961","0.03857395552344428"
"13.3","15.087332668329795","0.03869088979537076"
"13.316666666666666","15.009585169692183","0.03891902131980508"
"13.333333333333334","14.9717100852987","0.039193455133286655"
"13.35","14.980408715855317","0.03944897024284175"
"13.366666666666667","15.026241718589699","0.03964891873915914"
"13.383333333333333","15.085664023325212","0.03979269600912681"
"13.4","15.130939213152642","0.03989873115206494"
"13.416666666666666","15.142344874957162","0.03998278392942328"
"13.433333333333334","15.116404441992627","0.040045720391331766"
"13.45","15.064897611992325","0.04007752156372088"
"13.466666666666667","15.006673002180293","0.04006772101965986"
"13.483333333333333","14.956830251722227","0.04001202182537724"
"13.5","14.921084566299497","0.03991344897777005"
"13.516666666666667","14.89693198793811","0.03978238392270499"
"13.533333333333333","14.878986781082036","0.03963733994389147"
"13.55","14.86388141811785","0.039506449609303766"
"13.566666666666666","14.85159375503324","0.03942371910968479"
"13.583333333333334","14.842998325340954","0.03941897709879184"
"13.6","14.837095625639243","0.03950464914049739"
"13.616666666666667","14.830494395172147","0.0396686184698946"
"13.633333333333333","14.819432512884944","0.039879923725125686"
"13.65","14.803455801710477","0.04010370660840115"
"13.666666666666666","14.78730241740701","0.04031627034289256"
"13.683333333333334","14.779856749952073","0.040508005218079526"
"13.7","14.790256395705537","0.04067324420288852"
"13.716666666666667","14.823897300318345","0.04079634412972969"
"13.733333333333333","14.880368748773623","0.04084733970436251"
"13.75","14.952625207539043","0.04079172491483954"
"13.766666666666667","15.027209656851486","0.040609980774067425"
"13.783333333333333","15.084750612611451","0.04031315398435495"
"13.8","15.103442598775862","0.03994526264838802"
"13.816666666666666","15.066419937664472","0.03957210402829988"
"13.833333333333334","14.970643542573956","0.039259703668964106"
"13.85","14.831496044005926","0.03905492865755557"
"13.866666666666667","14.679129913457203","0.038974821947837926"
"13.883333333333333","14.547190944714963","0.039008192750566696"
"13.9","14.460553861266288","0.039126810645541535"
"13.916666666666666","14.427594039664697","0.039297670894352744"
"13.933333333333334","14.441101153260226","0.039491663735994956"
"13.95","14.484995847137334","0.03968783678709942"
"13.966666666666667","14.54290521282702","0.03987261694263352"
"13.983333333333333","14.604299597645813","0.04003687689567763"
"14.0","14.666706049301217","0.04017223289850247"
"14.016666666666667","14.733348543359861","0.04026901213770695"
"14.033333333333333","14.808323130404881","0.04031823028168308"
"14.05","14.890811787761193","0.04031610900797081"
"14.066666666666666","14.972323382567017","0.040266041787420034"
"14.083333333333334","15.038217351293941","0.040175067597936584"
"14.1","15.074199430276803","0.04005203152787151"
"14.116666666666667","15.074606918582525","0.03990827829121693"
"14.133333333333333","15.047052423386907","0.03976478816831982"
"14.15","15.010590110629819","0.03965382028750074"
"14.166666666666666","14.987728441740918","0.03961063480426242"
"14.183333333333334","14.994927521798648","0.03965536273612584"
"14.2","15.036615891399023","0.039776463897746216"
"14.216666666666667","15.10409112374048","0.03992985938799139"
"14.233333333333333","15.178470694361257","0.040055093391317416"
"14.25","15.236379657563987","0.04010209153137532"
"14.266666666666667","15.256036307279988","0.04005090550664538"
"14.283333333333333","15.224287954964698","0.039917226440819714"
"14.3","15.14163116837792","0.03974345303702409"
"14.316666666666666","15.023583196215576","0.03958189000926799"
"14.333333333333334","14.896242444828802","0.03947703091190684"
"14.35","14.786955149363108","0.03945115435558125"
"14.366666666666667","14.714063011681578","0.03949771128732731"
"14.383333333333333","14.680156972624362","0.03958440850221825"
"14.4","14.67280893427245","0.03966807406403941"
"14.416666666666666","14.671887167072928","0.03971241923633384"
"14.433333333333334","14.660681881068697","0.03970076386790781"
"14.45","14.635096442623627","0.03963616008173687"
"14.466666666666667","14.606729059660992","0.03953386208084662"
"14.483333333333333","14.597842342388905","0.039410923705329996"
"14.5","14.631350009676037","0.039279007814967556"
"14.516666666666667","14.71998057612473","0.039141128271573136"
"14.533333333333333","14.860421592883988","0.038993720331441245"
"14.55","15.035390260894221","0.038833970775542896"
"14.566666666666666","15.220771178897436","0.03866954188953266"
"14.583333333333334","15.394449065766459","0.03852375320506635"
"14.6","15.540910533922242","0.03842915827862482"
"14.616666666666667","15.651267561298049","0.038411843284143474"
"14.633333333333333","15.719977476925017","0.03847455159612237"
"14.65","15.742737026274606","0.038590576084960276"
"14.666666666666666","15.71728732975929","0.03871193250335825"
"14.683333333333334","15.647078283347277","0.03878777142380983"
"14.7","15.544117518479519","0.038780256302678236"
"14.716666666666667","15.428537742802234","0.03867299702414075"
"14.733333333333333","15.324448957086048","0.03847234500049454"
"14.75","15.252921154216779","0.03820351532557374"
"14.766666666666667","15.225721278179504","0.037904655773870505"
"14.783333333333333","15.24124281768248","0.03761715558831731"
"14.8","15.284990801278273","0.03737743391374793"
"14.816666666666666","15.334165775437521","0.037209181509034885"
"14.833333333333334","15.365901726088692","0.03712340622587964"
