"fwd_node","job_number"
"FWD1","22"
"FWD2","16"
"FWD1","22"
"FWD2","16"
"FWD1","19"
"FWD2","13"
"FWD1","15"
"FWD2","9"
"FWD1","35"
"FWD2","29"
"FWD1","19"
"FWD2","13"
"FWD1","9"
"FWD2","3"
"FWD1","9"
"FWD2","3"
"FWD1","19"
"FWD2","13"
"FWD1","16"
"FWD2","10"
"FWD1","16"
"FWD2","10"
"FWD1","6"
"FWD1","19"
"FWD2","13"
"FWD1","19"
"FWD2","13"
"FWD1","19"
"FWD2","13"
"FWD1","19"
"FWD2","13"
"FWD1","12"
"FWD2","6"
"FWD1","20"
"FWD2","14"
"FWD1","18"
"FWD2","12"
"FWD1","19"
"FWD2","13"
"FWD1","19"
"FWD2","13"
"FWD1","7"
"FWD2","1"
"FWD1","14"
"FWD2","8"
"FWD1","19"
"FWD2","13"
"FWD1","1"
"FWD2","1"
"FWD1","19"
"FWD2","13"
"FWD1","1"
"FWD2","1"
"FWD1","12"
"FWD2","6"
"FWD1","7"
"FWD1","1"
"FWD2","1"
"FWD1","19"
"FWD2","13"
"FWD1","19"
"FWD2","13"
"FWD1","17"
"FWD2","11"
"FWD1","19"
"FWD2","13"
"FWD1","18"
"FWD2","12"
"FWD1","18"
"FWD2","12"
"FWD1","17"
"FWD2","11"
"FWD1","18"
"FWD2","12"
"FWD1","9"
"FWD2","3"
"FWD1","6"
"FWD1","19"
"FWD2","13"
"FWD1","12"
"FWD2","6"
"FWD1","16"
"FWD2","10"
"FWD1","16"
"FWD2","10"
"FWD1","18"
"FWD2","12"
"FWD1","19"
"FWD2","13"
"FWD1","18"
"FWD2","12"
"FWD1","14"
"FWD2","8"
"FWD1","15"
"FWD2","9"
"FWD1","31"
"FWD2","25"
"FWD1","18"
"FWD2","12"
"FWD1","1"
"FWD2","1"
"FWD1","18"
"FWD2","12"
"FWD1","16"
"FWD2","10"
"FWD1","18"
"FWD2","12"
"FWD1","18"
"FWD2","12"
"FWD1","18"
"FWD2","12"
"FWD1","18"
"FWD2","12"
"FWD1","18"
"FWD2","12"
"FWD1","1"
"FWD2","1"
"FWD1","18"
"FWD2","12"
"FWD1","2"
"FWD2","2"
"FWD1","18"
"FWD2","12"
"FWD1","22"
"FWD2","16"
"FWD1","17"
"FWD2","11"
"FWD1","13"
"FWD2","7"
"FWD1","2"
"FWD2","2"
"FWD1","13"
"FWD2","7"
"FWD1","7"
"FWD2","1"
"FWD1","8"
"FWD2","2"
"FWD1","14"
"FWD2","8"
"FWD1","14"
"FWD2","8"
"FWD1","13"
"FWD2","7"
"FWD1","13"
"FWD2","7"
"FWD1","33"
"FWD2","27"
"FWD1","13"
"FWD2","7"
"FWD1","8"
"FWD2","2"
"FWD1","1"
"FWD2","1"
"FWD1","25"
"FWD2","19"
"FWD1","1"
"FWD2","1"
"FWD1","12"
"FWD2","6"
"FWD1","10"
"FWD2","4"
"FWD1","24"
"FWD2","18"
"FWD1","13"
"FWD2","7"
"FWD1","13"
"FWD2","7"
"FWD1","7"
"FWD2","1"
"FWD1","1"
"FWD2","2"
"FWD1","14"
"FWD2","7"
"FWD1","7"
"FWD2","1"
"FWD1","13"
"FWD2","7"
"FWD1","7"
"FWD2","1"
"FWD1","7"
"FWD2","1"
"FWD1","13"
"FWD2","7"
"FWD1","6"
"FWD1","9"
"FWD2","3"
"FWD1","14"
"FWD2","8"
"FWD1","1"
"FWD2","1"
"FWD1","1"
"FWD2","1"
"FWD1","23"
"FWD2","17"
"FWD1","13"
"FWD2","7"
"FWD1","2"
"FWD2","2"
"FWD1","24"
"FWD2","18"
"FWD1","7"
"FWD2","1"
"FWD1","7"
"FWD2","1"
"FWD1","7"
"FWD2","1"
"FWD1","2"
"FWD2","2"
"FWD1","13"
"FWD2","7"
"FWD1","1"
"FWD2","1"
"FWD1","13"
"FWD2","7"
"FWD1","13"
"FWD2","7"
"FWD1","15"
"FWD2","9"
"FWD1","16"
"FWD2","10"
"FWD1","13"
"FWD2","7"
"FWD1","2"
"FWD2","2"
"FWD1","2"
"FWD2","2"
"FWD1","17"
"FWD2","11"
"FWD1","17"
"FWD2","11"
"FWD1","12"
"FWD2","6"
"FWD1","16"
"FWD2","10"
"FWD1","14"
"FWD2","8"
"FWD1","14"
"FWD2","8"
"FWD1","14"
"FWD2","8"
