jobid,degradation_percent
1,0.06261373500528145
2,0.5625
3,0.7666666666666666
4,0.7083333333333333
5,0.2727272727272727
6,0.36363636363636354
7,0.36363636363636354
8,0.7083333333333333
9,0.75
10,0.29999999999999993
11,0.19999999999999996
12,0.29999999999999993
13,0.7083333333333333
14,0.7666666666666666
15,0.72
16,0.41666666666666663
17,0.41666666666666663
18,0.40017315491289096
19,0.19999999999999996
20,0.29999999999999993
21,0.7618622719961152
22,0.7500872679809983
23,0.7011072801008551
24,0.6288887123647453
25,0.37406528127843375
26,0.720007
27,0.7013578990537237
28,0.7857696171714125
29,0.7867655833996949
30,0.5305489609588253
31,0.5581637279612474
32,0.463484526810086
33,0.7145915398316236
34,0.7500645533666479
35,0.7286728794391659
36,0.7
37,0.8333966209476941
38,0.6783702173827793
39,0.6783702173827793
40,0.8125512629676321
41,0.8134512128438416
42,0.7696794297338064
43,0.8421676181126754
44,0.7692342743909493
45,0.769272831152929
46,0.7703699462892621
47,0.666656540648369
48,0.04946946909206473
49,0.26288130381388153
50,0.22137895896887594
51,0.6135478944957757
52,0.1028795889532862
53,0.09493164430717227
54,0.5131264089405125
55,0.5
56,0.20052320743338625
57,0.12565797923644106
58,0.1937934399801251
59,0.25747012276506653
60,0.026832765622731847
61,0.11459425025643011
62,0.3709365279204032
63,0.6637935703299322
64,0.3354564588058342
65,0.1332717960855474
66,0.2588546976126692
67,0.004874153758731792
68,0.1673179132946906
69,0.20000000000000007
70,0.20000000000000007
71,0.19999999999999996
72,0.19999999999999996
73,0.19999983200074922
74,0.3335100725590908
75,0.0013392095972343254
76,0.33333333333333337
77,0.34615384615384615
78,0.05537351816061786
79,0.28344035003783274
80,0.33333333333333326
81,0.12513767774970364
82,0.19999999999999996
83,0.5581395348837208
84,0.18601449584917484
85,0.1999994960041529
86,0.003550061736090737
87,0.1645003813530136
88,0.1859037802705159
89,0.703763620166487
90,0.20000016799967413
91,0.3393143360168579
92,0.2790783428709599
93,0.37037037037037035
94,0.19999949600224776
95,0.19999983200064342
96,0.15000000000000002
97,0.32712904915681207
98,6.299991747171774e-07
99,0.05555555555555558
100,0.10526315789473684
101,0.09999999999999998
102,0.18754753912417677
103,0.10526315789473684
104,0.19999999999999996
105,0.0702986942355599
106,0.20902208219928753
107,0.14630251695096463
108,0.6976807585278413
109,0.2829116793750611
110,0.33647124897673153
111,0.20833333333333337
112,0.16464877863437544
113,0.5092996693718064
114,0.06409655542458093
115,0.03879721986417661
116,2.0999941618971008e-07
117,0.4137931034482758
118,0.37858003436108834
119,0.5139091752620228
120,0.4760948797481013
121,0.4461538461538461
122,0.6725617648819122
123,0.5611906123336384
124,0.500326813393862
125,0.2827245858474414
126,0.33333333333333337
127,0.04032459252252396
128,0.3981532681536596
129,0.19999999999999996
130,0.24091583487231027
131,0.15200257847313114
132,0.19999999999999996
133,0.19047619047619047
134,0.18894056841724072
135,0.30586884890680166
136,0.005858238631814339
137,0.6600267072500964
138,0.224492482595119
139,0.188937189238781
140,0.188944369993008
141,0.3051158844526599
142,0.3345418961015968
143,0.5681818181818181
144,0.628508532574474
145,0.4826061336405286
146,0.35575439366569306
147,0.37681438357938424
148,0.26636686376712293
149,0.07955176510903228
150,0.4571428571428572
151,0.3376167575435879
152,0.4998167378855194
153,0.811715403733277
154,0.7816433049769069
155,0.5443199935122642
156,0.5581944879613152
157,0.19999999999999996
158,0.16451403110295026
159,0.19999983200106686
160,0.19999630403045487
161,0.42837696548094095
162,0.19999731201593973
163,0.19999999999999996
164,0.333333473332709
165,0.6163918263612993
166,0.33333333333333326
167,0.0961021428571428
168,0.4066399975820284
169,0.18894141321185565
170,0.28571683566757056
171,0.24670863688987532
172,0.1666699916057538
173,0.20000000000000007
174,0.42856914859021566
175,0.055554571759259264
176,0.07151545160346995
177,0.3750019687139332
178,0.3333309533529444
179,0.1666656166859023
180,0.3333317933460228
181,0.1666696416121657
182,0.284436759118573
183,0.025407119375339127
184,0.7051223521585084
185,0.20494986545138882
186,0.09137462053571432
187,0.722109990944966
188,0.05555346498842595
189,0.33333333333333326
190,0.691511765054138
191,0.17390899909420288
192,0.33333319333431055
193,0.1666668416634608
194,0.04594389583333336
195,0.17219865489130437
196,0.20000000000000007
197,0.4999003556327417
198,0.333330813354098
199,0.1703858673007247
200,0.4429693381350587
201,0.5454175097694028
202,0.4273807956318819
203,0.2000001679995329
204,0.23914518589254707
205,0.10526117735745621
206,0.4285714285714286
207,0.28571488570329395
208,0.5957446808510638
209,0.7783959367499955
210,0.7499678196697881
211,0.22723230524661364
212,0.23742941018540886
213,0.6003239048905048
214,0.6091834270135119
215,0.7091248200441278
216,0.2519907183774349
217,0.5987883807836036
218,0.8256861234202415
219,0.6724137931034483
220,0.00456281833616301
221,0.25399919697789486
222,0.17653634247317884
223,0.3076923076923077
224,0.4447184854630716
225,0.34742500799053366
226,0.3588108676225359
227,0.4081438889587182
228,0.3198303390048357
229,0.1048272142389336
230,0.368421052631579
231,0.4768849285459257
232,0.0911541763902406
233,0.4568548825028006
234,0.6675559272763947
235,0.18891870136839284
236,0.3458435945670897
237,0.3595726155530127
238,0.7807337709498499
239,0.00022393316286239973
240,0.5957446808510638
241,0.7462686567164178
242,0.4856115894236205
243,0.00045051478691826574
244,0.14288298610583683
245,0.23590691529247265
246,0.7744151968339037
247,0.5411443927870074
248,0.19999984218202294
249,0.19991432134331666
250,0.19999984218202294
251,0.19999984218202294
252,0.19999984218202294
253,0.5
254,0.33333320181835235
255,0.19999999999999996
256,0.25
257,0.46830713652847034
258,0.7011256235348033
259,0.29056886573154184
260,0.33333320181835235
261,1.97271887603101e-07
262,0.20000015781751013
263,0.00339554444589385
264,0.33333333333333337
265,0.42857131584481356
266,0.0002884311868687206
267,2.4693009768039786e-06
268,0.00018964901947127188
269,1.97271887603101e-07
270,0.2000026039844217
271,3.254980527112039e-06
272,0.20000000000000007
273,0.19999999999999996
274,0.5989607737461621
275,0.33333333333333326
276,0.14290116169248201
277,0.16666666666666663
278,0.25
279,0.33333333333333337
280,0.36110653483261523
281,0.3757632737139568
282,0.18821476152777006
283,0.3318731776115619
284,0.26037914400441087
285,0.1377634127670635
286,0.08965600841537769
287,0.09190708563596528
288,0.14306157118738339
289,0.5026134187017174
290,0.8752865730022971
291,0.3873756447511598
292,0.15217391304347827
293,0.6660438344148556
294,0.33396169325884306
295,0.7258064516129032
296,0.5002371596400131
297,0.2856438179039814
298,0.2277375148876255
299,0.4443969949882831
300,0.17969691574633373
301,0.5113672111691534
302,0.5641025641025641
303,0.4279615766217256
304,0.28571414480548885
305,0.6115871587320509
306,0.1326218337939834
307,0.623785024845593
308,0.14331631382337318
309,0.3334776029885328
310,0.33333333333333337
311,0.19999999999999996
312,0.6968819026104418
313,0.45426501999654134
314,0.546038228408178
315,0.3746230890355182
316,0.6508727427700678
317,0.08518705168909269
318,0.5195290059128332
319,0.0625
320,0.0055763550513592275
321,0.13635847898626596
322,0.125
323,0.16833485567734308
324,0.19999999999999996
325,0.23249394844698523
326,0.4
327,0.4150820439127093
328,0.25
329,0.3857804263930723
330,0.5391124163324935
331,0.393047597435752
332,0.33402858191716267
333,0.20443976397037922
334,0.7502087029114056
335,0.47130356364970305
336,0.1999922778223998
337,0.6951087433018561
338,0.8882697369183856
339,0.654568196969697
340,0.42307692307692313
341,0.4
342,0.48438450766144636
343,0.4921481802723029
344,0.25
345,0.7306149732620322
346,0.1572672971512854
347,0.11764705882352944
348,0.6041666666666667
349,0.7536231884057971
350,0.44060265032059476
351,0.5440040235467098
352,0.7606798289048208
353,0.5368244341934816
354,1.7958552558372531e-06
355,0.42857194167293033
356,0.24566977744872542
357,0.49171449441719706
358,0.8564490321849823
359,0.47229292652490373
360,0.6212809832758242
361,0.6939267452780966
362,0.22414695986489264
363,0.5712785446759436
364,0.4642857142857143
365,0.4163347406113923
366,0.4642857142857143
367,0.5981790670979861
368,0.11764705882352944
369,0.1331045490822027
370,0.3155134100226462
371,0.12790103750997606
372,0.5823127313848182
373,0.21732426092231472
374,0.4278091809306772
375,0.5918362710265409
376,0.3181818181818181
377,0.3181818181818181
378,0.8177397474694772
379,0.6725415143205362
380,0.5555555555555556
381,0.5764449291166849
382,0.016048153940945165
383,0.7810420343163311
384,0.6344920187632485
385,0.4631387715447941
386,0.5945945945945945
387,0.28746920928429576
388,0.4444426909241649
389,0.4442423899437278
390,0.7826020719073735
391,0.287926170710083
392,0.3342587526053755
393,0.3750786272421538
394,0.6136363636363635
395,0.6667557917015309
396,0.6652393398434397
397,0.8
398,0.42857154129804353
399,0.4444431293042347
400,0.374992355747531
401,0.14385541392584766
402,0.4116292833102896
403,0.6428563678638051
404,0.5555555555555556
405,0.4285714285714286
406,0.3330675099236219
407,0.667048166908909
408,0.499999802728774
409,0.4545454545454546
410,0.6000002367272459
411,0.5833317716043342
412,0.28570583124150895
413,0.3749987670560534
414,0.16666074853572288
415,0.2857130175433692
416,0.6622879250549327
417,0.6430760056595429
418,0.2692242227564102
419,0.3348775735874453
420,0.7213114754098361
421,0.545627324639467
422,0.3447911422413794
423,0.049974221354166626
424,0.20830995442708333
425,0.49995314813002845
426,0.1666541728346742
427,0.2856505953527003
428,0.4999530494945127
429,0.6257411751294999
430,0.1642984654121975
431,0.500000098635613
432,0.37338459684113845
433,0.6668840850595752
434,0.4558903518563039
435,0.6009845265079965
436,0.2856494680896633
437,0.4285715412978435
438,0.5
439,0.44590785907859076
440,0.7333333859390352
441,0.5165360028824977
442,0.4062045100911459
443,0.28570315399179624
444,0.16665762507772475
445,0.5760230164056964
446,0.44439819534706904
447,0.3741170888398254
448,0.16665647433004127
449,0.5454166156153148
450,0.14497898564412548
451,0.4015996202700568
452,0.40148328296184366
453,0.2857076630439438
454,0.0015292002685173278
455,0.28570287217603707
456,0.16665252890941207
457,0.28570442216271275
458,0.3350337646392142
459,0.7456705272466231
460,0.18517852978042315
461,0.49950672378583627
462,0.37499272563071495
463,0.5454492550041563
464,0.5454535590993881
465,0.1666541728346742
466,0.5395979846560693
467,0.8749038962597979
468,0.07991841422211343
469,0.2857142857142857
470,0.7509569241316271
471,0.15596515575014813
472,0.8544740793940977
473,0.2585805367846371
474,0.18705253729499338
475,0.2168584192539389
476,0.10467928848821795
477,0.3312517629210724
478,0.13297587415739864
479,0.30468356377252015
480,0.329343379284475
481,0.8131107168945007
482,0.0625
483,0.04827695925849074
484,0.024223034734917714
485,0.055204637422899605
486,0.7218255812850407
487,0.859053108168844
488,0.26525070406341733
489,0.16665795386277726
490,0.29614383874784866
491,0.5258539219657081
492,0.20652972904170175
493,0.655280183658562
494,0.6143862722184845
495,0.4912492199466727
496,0.4444360056280986
497,0.2857125948197303
498,0.6428231136042162
499,0.12496399833337679
500,0.2188470786351051
501,0.37499420516345083
502,0.42689033888307304
503,0.3636330493287344
504,0.22222303238630947
505,0.41665390658229395
506,0.3350345516937413
507,0.20000000000000007
508,0.41666727428973205
509,0.5441834923313935
510,0.005639474651605747
511,0.2222295136990068
512,0.20000000000000007
513,0.4986515538644606
514,0.12500091143459813
515,0.46154070506977984
516,0.3601185575186253
517,6.734457209667255e-07
518,0.19999999999999996
519,0.4
520,2.2448190698520776e-06
521,0.6227329846724827
522,0.3625481668001984
523,0.11105476571382578
524,0.6470588235294118
525,0.41298424631629327
526,0.1995682371156824
527,0.7
528,0.5658753748699722
529,0.1674464712924637
530,0.15711242272901904
531,0.6842105263157894
532,0.5837233375614166
533,0.12109964659290695
534,0.1342422145477674
535,0.10571428436036467
536,1.1224095348705276e-06
537,0.6470588235294118
538,0.004366169028606315
539,0.13318177048721624
540,0.5261995363688055
541,0.5982853732638889
542,0.4999891493055555
543,0.2768175214551565
544,0.24998697916666668
545,0.5384615384615385
546,0.18646042348060876
547,0.2554721289666092
548,0.5851889020070838
549,0.5999861111111111
550,0.1428497023809524
551,0.3448200790229885
552,0.5498866095698658
553,0.49999565972222215
554,0.3336110809211559
555,0.24998697916666668
556,0.25
557,0.6659565841716326
558,0.3749986437616587
559,0.1542723264395971
560,0.3334271086092131
561,0.06121607003597396
562,0.7142857142857143
563,0.6350510867387821
564,0.53970675709529
565,0.25
566,0.6
567,0.03448266573162473
568,0.5187090538073247
569,0.5106089057398127
570,0.1632996841518548
571,0.6835227618063575
572,0.29766599183528186
573,0.4016465404527395
574,0.4545454545454546
575,0.20000000000000007
576,0.49996907552083336
577,0.7489203559027777
578,0.3983645186208217
579,0.12247511571769731
580,0.33333333333333337
581,0.8093920241685253
582,0.5
583,0.25
584,0.33333333333333337
585,0.059721768005836284
586,0.10526315789473684
587,0.3525258445063729
588,0.4351438383005488
589,0.2383909043002178
590,0.3333217592592592
591,0.25
592,0.5
593,0.034482216767810714
594,0.6666478587962963
595,0.4545265151515152
596,0.5384965945512821
597,0.39997916666666666
598,0.4999880642361112
599,0.3999778645833334
600,0.5004535707013433
601,0.1428497023809524
602,0.3333159722222222
603,0.6666637731481482
604,0.5
605,0.1428492373511906
606,0.3333159722222222
607,0.5508141648663134
608,0.1741346334415812
609,0.6470465686274509
610,0.24996989516433699
611,0.6669965277777777
612,0.31221485931339155
613,0.24998697916666668
614,0.5714285714285713
615,2.4693009768039786e-06
616,0.02074596324885014
617,1.7958552558372531e-06
618,0.010428159314914143
619,0.36820198782427727
620,0.07188114281735603
621,0.498234011306943
622,0.1447479964830124
623,1.7958552558372531e-06
624,0.1428571428571428
625,0.4545454545454546
626,0.19756158773359023
627,0.50649421100761
628,0.2363324764353042
629,0.2669053205944458
630,0.1428348214285715
631,0.46647035249889257
632,0.4545454545454546
633,0.01594325969692245
634,0.5714285714285713
635,0.5714285714285713
636,0.5
637,0.4
638,0.19999984218273892
639,0.5714725167410712
640,0.6249898274739583
641,0.006419060699706214
642,0.25000211574170417
643,0.6666652199074075
644,0.6249898274739583
645,0.2857141448064061
646,0.25
647,0.06896622939087738
648,0.16371549552912035
649,0.27459297343616107
650,0.08570905491764347
651,0.5361440805288462
652,0.3333217592592592
653,0.4442582557872946
654,0.24998697916666668
655,0.3333330703050319
656,0.4545454545454546
657,0.6666599754050926
658,0.25
659,0.4999521617748711
660,0.6288734016327018
661,0.45465909090909096
662,0.6152005463375692
663,0.6258271451171138
664,0.5831425558066596
665,0.7161223582732372
666,0.5384615384615385
667,0.5366714242788462
668,0.5695940290178572
669,0.39934049479166667
670,0.39999934895833333
671,0.248662109375
672,0.4978607855902778
673,0.45223839962121204
674,0.33333333333333337
675,0.4522150213068181
676,0.4987093542766782
677,0.24998697916666668
678,0.49784966362847216
679,0.5364923878205128
680,0.569584495907738
681,0.44301017445071855
682,0.1428497023809524
683,0.7266188052266938
684,0.5982738715277778
685,0.45220969460227267
686,0.44420004755547005
687,0.49785644531249995
688,0.5982838541666666
689,0.5695975167410713
690,0.3999830729166667
691,0.6233833821614583
692,0.1445280665091354
693,0.5982973090277779
694,0.4978984917534722
695,0.5364876302083333
696,0.6151989529946229
697,0.8264643044835592
698,0.452209990530303
699,0.7890805409136545
700,0.7368592432769873
701,0.6233896891276042
702,0.8671709279357587
703,0.2025601545142054
704,0.7687700672481592
705,0.44443721117329094
706,0.5859590857280937
707,0.5555555555555556
708,0.00048671335495020784
709,0.5000011934953202
710,0.625
711,1.8599744289193865e-07
712,0.19999999999999996
713,0.20000014879969785
714,1.859996223707583e-07
715,0.19784152242158382
716,0.16395339116732066
717,1.8599934570318055e-07
718,0.4999861420061624
719,0.1999998512004405
720,1.8599934570318055e-07
721,0.33333333333333337
722,0.3316118117537046
723,0.0004318197354318265
724,0.406775375699554
725,0.4834911104136067
726,0.5745183462715673
727,0.2545068893092528
728,0.2772434921104622
729,0.15989927092042677
730,0.5384615384615385
731,0.5
732,0.00033586240792882194
733,0.5
734,0.20000000000000007
735,0.19999985120104924
736,0.4545454545454546
737,0.20000000000000007
738,0.19791428937579525
739,0.1658460357488477
740,1.8599820394982203e-07
741,0.19999687520343723
742,0.5208397844800892
743,5.20791290281597e-06
744,0.25
745,0.00018786007288973394
746,0.16651733787639122
747,0.20000000000000007
748,0.048298933503367114
749,0.4285714285714286
750,1.8599778883743312e-07
751,0.19999999999999996
752,3.7199640801066636e-07
753,0.4270861061344986
754,0.20000000000000007
755,0.20000000000000007
756,0.19999999999999996
757,0.3333334573330816
758,0.28548233083006747
759,1.8599934570318055e-07
760,0.19999985120052344
761,0.20000000000000007
762,0.0002428448443926312
763,0.1945115195591034
764,0.0714555522348409
765,0.21058342677324848
766,0.15369313123219375
767,0.3158093542783038
768,2.9056252905501623e-05
769,0.08333333333333337
770,0.0714555522348409
771,0.2777777777777779
772,0.5911216269505943
773,0.6177732352506085
774,0.7230888429752066
775,0.2304139935062628
776,0.16628182629845145
777,0.125
778,0.125
779,0.13214977529831085
780,0.31245591818414975
781,0.41666666666666674
782,0.12494838976052847
783,0.46153846153846156
784,0.5333333333333334
785,0.09980813263229316
786,0.12484516928158551
787,0.30174085314449506
788,0.0769626959016998
789,0.2829036635006784
790,0.5
791,0.11764705882352933
792,0.32467973190803423
793,0.2775469419908053
794,0.21433609350382887
795,0.26671368727024014
796,0.49770981087470445
797,0.10429740502035278
798,0.4028402023971054
799,0.47520577876024095
800,0.9464274604952096
801,0.8461538461538461
802,0.8560120875371643
803,0.8825148968920838
804,0.8144656440952738
805,0.8374330020580887
806,0.9219976359338061
807,0.7139612102502125
808,0.4968971631205674
809,0.4949024822695035
810,0.23342768069570907
811,0.3486851653933948
812,0.4968971631205674
813,0.6285714285714286
814,0.08536738960679113
815,0.1280119598991617
816,0.10643751933188983
817,0.275177395913482
818,0.7065773503157312
819,0.22492236305669955
820,0.040913279537756475
821,0.22241681260945712
822,0.2136113376835237
823,0.13350329021979856
824,0.013623488948459883
825,0.11154291363305091
826,0.06675998730503008
827,0.055486401145773745
828,0.1916742894425375
829,0.208835144875528
830,0.4982606042111688
831,0.5533392278219864
832,0.1385818720311004
833,0.09554588763635807
834,0.08723704620444184
835,0.34798245747150847
836,0.8605849582172702
837,0.46291143654114364
838,0.7033201714628112
839,0.5459088823969676
840,0.432289211695305
841,0.6012548588811898
842,0.8828744263662912
843,0.040913279537756475
844,0.040967241150295486
845,0.09357281528433137
846,0.08460131760954692
847,0.040913279537756475
848,0.1799781976744187
849,0.18597661196396376
850,0.11211508730932229
851,0.25641658440276405
852,0.019633855133987743
853,0.001604990267612183
854,0.20710059171597628
855,0.25563872163526213
856,0.18553929354521292
857,0.2230796841349605
858,0.08663722894068737
859,0.34913556356599573
860,0.042739464770827684
861,0.05271283035278751
862,0.0727103033045563
863,0.009010546663744456
864,0.008327760463326284
865,0.6008241538952745
866,0.012295081967213184
867,0.5371545547594678
868,0.12644602536343952
869,0.21952191622354644
870,0.2212144388310192
871,0.11106557377049187
872,0.1680837872547717
873,0.40770492207536
874,0.3132626891750979
875,0.42641107397982647
876,0.022296534875822838
877,0.17945418607381902
878,0.012481297306812134
879,0.389287026828372
880,0.12930502416953593
881,0.024850806092455713
882,0.18796186978005158
883,0.13288757870319223
884,0.10572870697859105
885,0.13212674430804738
886,0.13212674430804738
887,0.19451987887076305
888,0.267419852322647
889,0.26325311414286934
890,0.10297959049528371
891,0.028073156106336317
892,0.008734632887319349
893,0.014170528368444568
894,0.28484419263456096
895,0.030248855835240285
896,0.4842041312272175
897,0.28917319995789514
898,0.28917319995789514
899,0.5756511173331924
900,0.01327517203071693
901,0.01327517203071693
902,0.01327517203071693
903,0.1147415124724751
904,0.1166870746933778
905,0.1166870746933778
906,0.04170188410523312
907,0.6595993524888709
908,0.592235912818955
909,0.5070705698023917
910,0.0693475090795701
911,0.1654981603976673
912,0.21984458362328918
913,0.21984458362328918
914,0.053224030721672144
915,0.3888451169501822
916,0.023167191922436214
917,0.053224030721672144
918,0.23854766087715784
919,0.56740550629958
920,0.10876378975622203
921,0.06971187160031889
922,0.10876378975622203
923,0.024986300396199423
924,0.04406569105118019
925,0.28149681044957475
926,0.2733636376045976
927,0.2733636376045976
928,0.2995141736918052
929,0.06546449078432581
930,0.2770912176042061
931,0.19167659753138244
932,0.5797175533832465
933,0.24029714748812536
934,0.04442885755509263
935,0.09235205495545917
936,0.5819063338147308
937,0.22444668944907387
938,0.22444668944907387
939,0.279037577453528
940,0.27094006753842437
941,0.20702447645724964
942,0.30206314047737903
943,0.34401563333765994
944,0.29949762576560457
945,0.2887742354587248
946,0.28441015253293633
947,0.10112432540475713
948,0.3125051798189378
949,0.1533982790460806
950,0.25562365283532595
951,0.06948390106856706
952,0.6234039777461683
953,0.3045721814805784
954,0.4110889222411035
955,0.5527884612423749
956,0.4028592967988197
957,0.4016402695360606
958,0.11234347650464516
959,0.08631377697112796
960,0.3442355778907559
961,0.28326520877698913
962,0.3950284615255546
963,0.5634734300589808
964,0.41532703074067023
965,0.41532703074067023
966,0.03756373937677049
967,0.5634734300589808
968,0.41532703074067023
969,0.6240644339200057
970,0.08986698129592918
971,0.03756373937677049
972,0.18943001584200847
973,0.1480002373680429
974,0.1480002373680429
975,0.12623673029168347
976,0.1035336600285951
977,0.3223857130143285
978,0.4099797790491221
979,0.17322342840051352
980,0.4203783567378008
981,0.3390043169014372
982,0.3341141656469533
983,0.14252606656027167
984,0.12683266415964367
985,0.46143507451975463
986,0.6250700456729887
987,0.23149860083949614
988,0.5148238658465472
989,0.5202892310345704
990,0.4820145064613902
991,0.0932348612965036
992,0.0932348612965036
993,0.1284019596331234
994,0.10724448108778539
995,0.10724448108778539
996,0.09287773820240852
997,0.2606711548408034
998,0.3637530376670717
999,0.43562838480593713
1000,0.2175257275891621
1001,0.6567671617030557
1002,0.5701707587206506
1003,0.701866832607343
1004,0.1029785901600846
1005,0.1029785901600846
1006,0.06935737188355229
1007,0.06647357365585083
1008,0.6371519762330129
1009,0.46009574819325727
1010,0.6512348979041354
1011,0.02870153318848112
1012,0.12124055950306112
1013,0.6405697692002343
1014,0.5194113883557262
1015,0.28160043322502704
1016,0.43548019876524613
1017,0.1261259910220648
1018,0.1261259910220648
1019,0.024825061901173395
1020,0.024825061901173395
1021,0.63248256035302
1022,0.6633739395603901
1023,0.021720004398988246
1024,0.5601762158644339
1025,0.21800276767611748
1026,0.049190412914021375
1027,0.46466171059547945
1028,0.35543087251907723
1029,0.43631773736635293
1030,0.20504069619953813
1031,0.6558626292422485
1032,0.4126273713181088
1033,0.054522081064730776
1034,0.4015158328312034
1035,0.08711131931838156
1036,0.04985481568974848
1037,0.018657832655724738
1038,0.34538676078424535
1039,0.48205062281421707
1040,0.6389323363762874
1041,0.0463359417294158
1042,0.03860022309268729
1043,0.5800047365715308
1044,0.7079450829261579
1045,0.25540670276006583
1046,0.07408779000108923
1047,0.2686074171112395
1048,0.6187732343920993
1049,0.4182663091587214
1050,0.7328443292221397
1051,0.5519497863247863
1052,0.3545739515658528
1053,0.3270861263089242
1054,0.5009221664028629
1055,0.14948140363409324
1056,0.14948140363409324
1057,0.12936099428054848
1058,0.12540842014819698
1059,0.6734666928284638
1060,0.10430516352498087
1061,0.559989563125119
1062,0.2245916515426497
1063,0.46033550179080474
1064,0.6615689006433029
1065,0.33801588229474877
1066,0.2007345374361561
1067,0.09558402411454403
1068,0.4413757377540478
1069,0.5568883647089813
1070,0.03878270716581733
1071,0.49440105220558483
1072,0.0800072432765131
1073,0.0800072432765131
1074,0.6557068412574654
1075,0.5435464585556513
1076,0.4042536260715449
1077,0.3700465558033631
1078,0.3563432512520145
1079,0.8463162683015422
1080,0.2933045217646626
1081,0.402061593280733
1082,0.4342776089159067
1083,0.032252440725244025
1084,0.34415056120077037
1085,0.34415056120077037
1086,0.1577300528823803
1087,0.1577300528823803
1088,0.011553918285331588
1089,0.05804459929621886
1090,0.0026354580783488624
1091,0.7312706427845528
1092,0.3223857130143285
1093,0.2989248325945487
1094,0.2979031091829356
1095,0.09942195137638277
1096,0.36674322657479486
1097,0.2979109685937942
1098,0.2823170241825339
1099,0.27977330391079924
1100,0.2660060474594097
1101,0.3131980683492914
1102,0.3128567252811495
1103,0.4019308534854449
1104,0.29791882800465286
1105,0.2823170241825339
1106,0.2659978308026031
1107,0.3906397085908403
1108,0.34090338955538835
1109,0.2660060474594097
1110,0.2823170241825339
1111,0.3835150580233496
1112,0.28230899011810073
1113,0.445676562520265
1114,0.29791882800465286
1115,0.39064652996630234
1116,0.3271722101711255
1117,0.3829498901852053
1118,0.28230899011810073
1119,0.2979031091829356
1120,0.2823170241825339
1121,0.2979109685937942
1122,0.28236522856913304
1123,0.32284112040911195
1124,0.6460593530418968
1125,0.5521460490534893
1126,0.6795986276455026
1127,0.041264999016191184
1128,0.47140264802742127
1129,0.18485588098558803
1130,0.26480263157894735
1131,0.1502706564714119
1132,0.1257409344490934
1133,0.6636525848765432
1134,0.8727101349805536
1135,0.17716793830502908
1136,0.08488923246895086
1137,0.19524175122795007
1138,0.16350979062593962
1139,0.21403648350528848
1140,0.1153065379339161
1141,0.49207480510467216
1142,0.2979345468263699
1143,0.6485039400327496
1144,0.3758204015796207
1145,0.22428929765886296
1146,0.008832271762208022
1147,0.016939570963321993
1148,0.09795319022305615
1149,0.1126198617880736
1150,0.027550746680867766
1151,0.02376063361689651
1152,0.17623897449666392
1153,0.09813011316238396
1154,0.22159449122305308
1155,0.1133212921738147
1156,0.39798432250839877
1157,0.41362109335233643
1158,0.3119232188999631
1159,0.3011933513283136
1160,0.1487825687471287
1161,0.1741703076739065
1162,0.41021990191425417
1163,0.16166837905464693
1164,0.24901217321891833
1165,0.045514692571940185
1166,0.39798432250839877
1167,0.08233774620600576
1168,0.051417940726043776
1169,0.08710163442034646
1170,0.13219120503232173
1171,0.11111111111111105
1172,0.41021990191425417
1173,0.07656250000000009
1174,0.2987639905448125
1175,0.1508163060897436
1176,0.020484538113058837
1177,0.3018197958277852
1178,0.46071904127829566
1179,0.3976093820478124
1180,0.29267800835961
1181,0.4045017627885319
1182,0.2494217949299351
1183,0.2451580332282839
1184,0.2827249905079253
1185,0.199592277251469
1186,0.3094788309812201
1187,0.199592277251469
1188,0.30362632885135377
1189,0.4885129385855148
1190,0.2451580332282839
1191,0.009208103130755041
1192,0.2500340383044386
1193,0.2833050543618505
1194,0.37923691215616684
1195,0.22470367788042522
1196,0.2412133602866856
1197,0.29694053787318053
1198,0.020380809713407055
1199,0.3118427069044353
1200,0.23208994247864734
1201,0.24615367159843882
1202,0.0018977693432474796
1203,0.8424822894370816
1204,0.06241534526064163
1205,0.004677103718199627
1206,0.0001559484590343274
1207,0.0008915127034585524
1208,0.17631495409410425
1209,0.17630918986665278
1210,0.25
1211,0.0621638901503383
1212,0.20527923216091015
1213,0.3024203821656051
1214,0.19214943859201083
1215,0.04181209990555146
1216,0.07081758366218716
1217,0.21799698795180722
1218,0.17772725769816133
1219,0.1148770907807053
1220,0.010286765436291034
1221,0.2390227426255348
1222,0.07184987931577291
1223,0.03475204998047643
1224,0.10536890207337013
1225,0.0018107988289239874
1226,0.07816923497619355
1227,0.09526461229978722
1228,0.06587453549579358
1229,0.17858429753305138
1230,0.10105771069711489
1231,0.06807781272361169
1232,0.038393503398265194
1233,0.05208267066539429
1234,0.0006734334558494703
1235,0.004352367688022274
1236,0.041340127686991024
1237,0.01857778781869457
1238,0.017857142857142794
1239,0.024370316469431663
1240,0.21820027063599456
1241,0.026586249849630428
1242,0.3735591625499882
1243,0.12502919726296524
1244,0.056974459724950854
1245,0.004246468498136702
1246,0.16353458592041115
1247,0.002254592852235948
1248,0.3288675563057123
1249,0.3590745192307693
1250,0.24002958699793298
1251,0.3206129807692307
1252,0.06520432692307687
1253,0.18024923583352925
1254,0.3948897950756207
1255,0.12198213933571844
1256,0.8476978725560763
1257,0.9042632011299188
1258,0.03388515840220396
1259,0.059808442372067505
1260,0.3287890865611074
1261,0.18504736129905275
1262,0.6135497529992943
1263,0.33952759701132806
1264,0.17873754152823917
1265,0.951601682568488
1266,0.8904715981924274
1267,0.3194110576923077
1268,0.005034381139489175
1269,0.027313211281543737
1270,0.32358078190538975
1271,0.6037902016248164
1272,0.3131980683492914
1273,0.042425528677265345
1274,0.4739603500348486
1275,0.2638807983566852
1276,0.06562489877099897
1277,0.04930516728830625
1278,0.8490212320673969
1279,0.3131980683492914
1280,0.3199732397313364
1281,0.45580976466676615
1282,0.028044640461215575
1283,0.4577230359520639
1284,0.3497180307879896
1285,0.3245571089230994
1286,0.33627148523578665
1287,0.013186813186813362
1288,0.2728602368295221
1289,0.34792615444885167
1290,0.3618823759855051
1291,0.31138545953360763
1292,0.29929963716142094
1293,0.7793806251394255
1294,0.504186486275733
1295,0.2260485432046413
1296,0.21529717218820188
1297,0.1428431626112303
1298,0.2222222222222222
1299,0.3338124543940081
1300,0.3544715567059217
1301,0.05637615257139872
1302,0.9472988332444156
1303,0.806299298264701
1304,0.9438470346339001
1305,0.9135786484363536
1306,0.7744700623267589
1307,0.8671634615384616
1308,0.776526420172829
1309,0.7344717897204085
1310,0.05879120879120869
1311,0.46726014682305295
1312,0.18196408312349543
1313,0.292886676229854
1314,0.2941579746339552
1315,0.8301270131735584
1316,0.29122923303897885
1317,0.4513008232000334
1318,0.5024224072672219
1319,0.678988759197515
1320,0.12107632674718738
1321,0.12107632674718738
1322,0.12107632674718738
1323,0.1432701955801431
1324,0.1432701955801431
1325,0.11175469063469634
1326,0.11175469063469634
1327,0.3191957527302377
1328,0.13749926819272873
1329,0.31940569888695314
1330,0.31940569888695314
1331,0.6723261520619853
1332,0.4828986577149311
1333,0.24862282215521425
1334,0.01363479376463439
1335,0.36998140941554647
1336,0.19993996611874776
1337,0.0391050921739744
1338,0.6620133115739854
1339,0.49430999595305547
1340,0.3103761684256713
1341,0.5318801183676278
1342,0.5911146679867899
1343,0.2441646374057137
1344,0.20873244611106534
1345,0.27268862974622743
1346,0.810372161878899
1347,0.18273992723547972
1348,0.37987170381393676
1349,0.2346580406654344
1350,0.876634981890648
1351,0.11987376779205494
1352,0.05882352941176472
1353,0.015110560620951397
1354,0.16203474760996261
1355,0.21464020307412968
1356,0.21265720729346704
1357,0.0002299048768573675
1358,0.7717275208408796
1359,0.6629508323912128
1360,0.7583796986870712
1361,0.43795810489496756
1362,0.31177393540497766
1363,0.3181632050072556
1364,0.2897364498073298
1365,0.24938262638001163
1366,0.29047334765688604
1367,0.08698553469950043
1368,0.1317026839229566
1369,0.07620232122889992
1370,0.33219418156326674
1371,0.30642790465296676
1372,0.01441905434802826
1373,0.3061794624902566
1374,0.7115473770712356
1375,0.300880001929674
1376,0.29786297853998767
1377,0.266649224007537
1378,0.21141992618058048
1379,0.19971127543257428
1380,0.17660866171574607
1381,0.35468997900417065
1382,0.28102728170263813
1383,0.7312676846421
1384,0.18497649495760315
1385,0.17110592366473143
1386,0.5420078557073325
1387,0.28944445879284075
1388,0.4434381693489752
1389,0.2603520595929588
1390,0.2142857142857143
1391,0.15384615384615374
1392,0.045454545454545414
1393,0.12554183233229
1394,0.14822525827725153
1395,0.18117027232090843
1396,0.0002873544868808864
1397,0.5039830806508179
1398,0.00040322580645157924
1399,0.1328851547769535
1400,0.6400420661265807
1401,0.007814189388429149
1402,0.059793570450853095
1403,0.03674635169510432
1404,0.056460653164935426
1405,0.5364297700076915
1406,0.07152351920273092
1407,0.1998796852675977
1408,0.09455420001620407
1409,0.17645833752628415
1410,0.11633393843058171
1411,0.22292221412314228
1412,0.08141302540179352
1413,0.049325379706350425
1414,0.10490835233641727
1415,0.0001596413816005171
1416,0.007701250132104098
1417,0.2306967505272004
1418,0.12577869892564086
1419,0.21867338279548632
1420,0.020688955748622395
1421,0.17819216280850925
1422,0.331010600109802
1423,0.020688955748622395
1424,0.17819216280850925
1425,0.331010600109802
1426,0.2166874963887313
1427,0.6144111430274781
1428,0.006139843975729531
1429,0.04108458338104504
1430,0.2277052110545854
1431,0.29942535067725295
1432,0.29942535067725295
1433,0.29942535067725295
1434,0.29942535067725295
1435,0.29942535067725295
1436,0.6243210753674542
1437,0.5803490870093561
1438,0.6269318221856669
1439,0.0452714214102683
1440,0.37441899605704876
1441,0.2595259670867498
1442,0.49378809354733144
1443,0.4248610459857839
1444,0.47950237460423273
1445,0.15883751517604217
1446,0.24996324739056475
1447,0.04207865915842679
1448,0.2845515019715147
1449,0.31448005302257787
1450,0.3991675827223028
1451,0.3991675827223028
1452,0.16237867616429225
1453,0.032237988548668106
1454,0.6335179972360371
1455,0.20710144046474088
1456,0.2554616866755596
1457,0.363238824618035
1458,0.20700131639352903
1459,0.15863149471437998
1460,2.7993169666729045e-05
1461,0.11917840552819936
1462,0.09523809523809534
1463,0.09089636674106072
1464,0.08695652173913038
1465,0.32263166198605286
1466,0.25489482818465803
1467,0.010221963707389814
1468,0.07735990403158322
1469,0.08695652173913038
1470,0.11575409789133151
1471,0.07113592804430824
1472,0.021315738412998386
1473,0.009041958752412982
1474,0.06255188576829251
1475,0.8992707441063358
1476,0.889218229710253
1477,0.832853491527563
1478,0.916514941314216
1479,0.9162456706479734
1480,0.9160637872117723
1481,0.8371945084747853
1482,0.9153020834207917
1483,0.9160204560267918
1484,0.8899518838181321
1485,0.9173310505842759
1486,0.9129048028273143
1487,0.9175543179482276
1488,0.8884747278962278
1489,0.8366322072963983
1490,0.9135888759086399
1491,0.9164215501068624
1492,0.49266398158803226
1493,0.08695652173913038
1494,0.8393480557683137
1495,0.7822568430469661
1496,0.9137572293607589
1497,0.011464855807390317
1498,0.003439427853906163
1499,0.9083550951508419
1500,0.5738549510275717
1501,0.6528173582016545
1502,0.9089706780549504
1503,0.576062956462662
1504,0.9310248881958594
1505,0.8817910037809445
1506,0.46305130136413086
1507,0.619201981868016
1508,0.8061909027570419
1509,0.77975786530579
1510,0.2168416773070595
1511,0.8792060861912488
1512,0.42221448630216774
1513,0.8788837972002971
1514,0.9015574722917412
1515,0.8787961345947581
1516,0.8788502791452381
1517,0.8788528574571657
1518,0.8788451225213828
1519,0.8739962459778334
1520,0.8833273745679895
1521,0.8109827623913951
1522,0.5096007314843036
1523,0.8788528574571657
1524,0.8833397886624558
1525,0.7869117434855928
1526,0.1182015586323032
1527,0.49989439222726795
1528,0.23595283533260636
1529,0.05206014357313782
1530,0.4373811912556764
1531,0.11622600163936458
1532,0.4052812858783009
1533,0.16657866018938994
1534,0.4118950733904956
1535,0.11509900990099009
1536,0.3044822256568779
1537,0.1429470488789072
1538,0.30000000000000004
1539,0.2008534399860128
1540,0.24879210139345986
1541,0.35910478128179046
1542,0.36794987575514515
1543,0.42844971854556513
1544,0.15022874959932386
1545,0.4678787741306173
1546,0.53125
1547,0.23068797685888642
1548,0.11461230126004474
1549,0.2761289751868724
1550,0.3496654549286128
1551,0.2362297295984298
1552,0.20617158358765675
1553,0.06289602914774528
1554,0.33333333333333326
1555,0.5297625759569002
1556,0.46153846153846156
1557,0.16719226856561553
1558,0.2762174355345215
1559,0.11764705882352944
1560,0.12378861701558075
1561,0.2941176470588234
1562,0.23068797685888642
1563,0.12357444985811428
1564,0.32904222451081355
1565,0.22904532793112187
1566,0.19999999999999996
1567,0.5239101238889978
1568,0.2857142857142857
1569,0.5832893207985634
1570,0.2355436405592507
1571,0.3157894736842105
1572,0.44456181120383087
1573,0.2777777777777777
1574,0.21052631578947367
1575,0.21044294123205354
1576,0.11755387549464824
1577,0.11764705882352944
1578,0.2494404774592347
1579,0.2941176470588234
1580,0.11280763435459573
1581,0.23529411764705865
1582,0.06259900728693635
1583,0.1874999999999999
1584,0.23529411764705865
1585,0.2777777777777777
1586,0.23529411764705865
1587,0.2856388356546802
1588,0.14924381501879536
1589,0.0007454739084131745
1590,0.11177375458525607
1591,0.2222222222222221
1592,0.2222222222222221
1593,0.10019009399091772
1594,0.22324894434871534
1595,0.1401816069688907
1596,0.24512396365588407
1597,0.8713939416739338
1598,0.9289154776570809
1599,0.7291301101997723
1600,0.2083848014145404
1601,0.2975914016581508
1602,0.03191979718829219
1603,0.23661316934153298
1604,0.5744161021833278
1605,0.18599182713266482
1606,0.4560969169593856
1607,0.34841260333065893
1608,0.12002259190798936
1609,0.7075260231264977
1610,0.30245553051378915
1611,0.5860552727282624
1612,0.011216305855394126
1613,0.21222602156454307
1614,0.11514709350312469
1615,0.34357009276694317
1616,0.32311892897487837
1617,0.6996932788051209
1618,0.6372486930174224
1619,0.6006839555428898
1620,0.4572953127673808
1621,0.521142923030042
1622,6.533385600393515e-05
1623,0.07757822023567662
1624,0.0013471037269868757
1625,0.11757763797812892
1626,0.42034038719848144
1627,0.25
1628,0.13746468196540562
1629,0.1560361681329423
1630,0.25
1631,0.15816723459210524
1632,0.15816723459210524
1633,0.15567649543116047
1634,0.15816723459210524
1635,0.25
1636,0.15025339783460034
1637,0.25
1638,0.33333333333333337
1639,0.15816723459210524
1640,0.2784290582218043
1641,0.2784290582218043
1642,0.15816723459210524
1643,0.15816723459210524
1644,0.2784123872206773
1645,0.2784290582218043
1646,0.2318967816500711
1647,0.2784290582218043
1648,0.2784290582218043
1649,0.3685816645661206
1650,0.32060697741544764
1651,0.2712569717314588
1652,0.10000000000000009
1653,0.5485919899874844
1654,0.059279240716044845
1655,0.2389907551645739
1656,0.048178975869389684
1657,0.01501300838016395
1658,0.36767476906945573
1659,0.0007374631268436405
1660,0.03911382734912139
1661,0.6608194254802884
1662,0.09278921638291415
1663,0.012529656748633267
1664,0.08858590028070212
1665,0.09099742369078956
1666,0.2784290582218043
1667,2.333940157783765e-05
1668,0.22613013050879516
1669,0.5918759118482685
1670,0.591851915841204
1671,0.10005082927012932
1672,0.10000000000000009
1673,0.5000619739258791
1674,0.15464236120565245
1675,0.10000000000000009
1676,0.3236528984126119
1677,0.3259095488332834
1678,0.3259743512946879
1679,0.3234089362049717
1680,0.3257265771775534
1681,0.256635294046463
1682,0.4212413787986842
1683,0.25101484526975315
1684,0.2508750752549592
1685,0.2512139116544595
1686,0.25080730797505923
1687,9.003601440582543e-05
1688,0.16769477839314384
1689,0.5303259029806366
1690,0.5303259029806366
1691,0.8203991130820399
1692,0.2209337808971621
1693,0.2715708568309988
1694,0.2715708568309988
1695,0.29965192927968776
1696,0.33535979971294616
1697,0.1499463112992666
1698,0.042847580239129046
1699,0.007021692445045025
1700,0.17076175017434148
1701,0.14629190973578443
1702,0.03196200629220691
1703,0.6200598982632514
1704,0.2363257776709482
1705,0.2864476736253242
1706,0.2665294310606523
1707,0.28770058196782533
1708,0.1689840122957964
1709,0.7487542650586129
1710,0.42767058231510735
1711,0.35645628027754483
1712,0.3303855519781912
1713,0.09999999999999987
1714,0.00012742195405313073
1715,0.2515612189639471
1716,0.3260925204890135
1717,0.04917305100939762
1718,0.2983821600349803
1719,0.2983821600349803
1720,0.2983821600349803
1721,0.3522182234031819
1722,0.2982947092260604
1723,0.3522182234031819
1724,0.29823640868678036
1725,0.05076294887499322
1726,0.1349128735792916
1727,0.2771142452565526
1728,0.34439573535357837
1729,0.18432348063603565
1730,0.007211144496039323
1731,0.16337923634808837
1732,0.16854666104734273
1733,0.15816723459210524
1734,0.02415365682986259
1735,0.1135162363525607
1736,0.38386185631976955
1737,0.27880630008289575
1738,0.15860735009671167
1739,0.27880630008289575
1740,0.38386185631976955
1741,0.3542423456149455
1742,0.27880630008289575
1743,0.295842121508308
1744,0.295842121508308
1745,0.3542423456149455
1746,0.713067708835359
1747,0.029783636293762794
1748,0.34579314931825733
1749,0.7409078334149093
1750,0.3673407590367169
1751,0.2768590835374668
1752,0.27689301151515566
1753,0.27689301151515566
1754,0.05400091102338289
1755,0.2768590835374668
1756,0.5381287726358148
1757,0.36725169809528335
1758,0.03014563601181386
1759,0.27689301151515566
1760,0.3542423456149455
1761,0.15637518010101514
1762,0.7342970579252774
1763,0.14278689484262497
1764,0.1260098581389757
1765,0.05359987880765371
1766,0.005463096517429156
1767,0.623695437557295
1768,0.6234838868909104
1769,0.37523693060226226
1770,0.04429875077522816
1771,0.47294757665677545
1772,0.37346221441124783
1773,0.022113878698161393
1774,0.5019412663665277
1775,0.3173580040949421
1776,0.2956699780086449
1777,0.5922008069295639
1778,0.39785569993448344
1779,0.3699587554653435
1780,0.0018751994893073665
1781,0.3216400672853764
1782,0.0021387292004793057
1783,0.0021387292004793057
1784,0.11300138562201589
1785,0.6519077293101564
1786,0.6502264501968266
1787,0.11303547473094644
1788,0.6470609490806488
1789,0.332487276092273
1790,0.41844529706382394
1791,0.0010909090909091423
1792,0.0010909090909091423
1793,0.060222821668760584
1794,0.10344588413736422
1795,0.10344588413736422
1796,0.10344588413736422
1797,0.11067497051604447
1798,0.060222821668760584
1799,0.6129893794614018
1800,0.6554261862917399
1801,0.09742195664578679
1802,0.025090909090909053
1803,0.02290909090909088
1804,0.7054570467746866
1805,0.137407442551857
1806,0.256610120744854
1807,0.2706536168242484
1808,0.028236005718684676
1809,0.028236005718684676
1810,0.15577450589641995
1811,0.0019438568406610068
1812,0.31436425283348735
1813,0.3420073673200237
1814,0.36272681795443174
1815,0.1887587728890392
1816,0.2086020698965052
1817,0.3670653508572468
1818,0.3509391059165946
1819,0.7378496685223257
1820,0.5084001033858878
1821,0.09810440029600953
1822,0.20058886812751264
1823,0.46561310628728514
1824,0.8495249271489219
1825,0.8495249271489219
1826,0.3219598714111518
1827,0.1830172413793104
1828,0.10226781857451406
1829,0.002519798416126484
1830,0.18414576802507843
1831,0.25109913793103444
1832,0.25109913793103444
1833,0.005090909090909035
1834,0.015861103665981813
1835,0.0017067118562004158
1836,0.09801261166276332
1837,0.37356321839080464
1838,0.550467330729738
1839,0.017410587635084074
1840,0.39785569993448344
1841,0.7065117701008865
1842,0.6675838173851014
1843,0.11303547473094644
1844,0.3872468527640941
1845,0.6571031363353779
1846,0.39218784123171
1847,0.15879754053036632
1848,0.1570373291671091
1849,0.11542171235609877
1850,0.6571031363353779
1851,0.4040387499711112
1852,0.0017067118562004158
1853,0.015861103665981813
1854,0.3343380263070923
1855,0.3343380263070923
1856,0.13517635098146552
1857,0.3872468527640941
1858,0.6519077293101564
1859,0.6519077293101564
1860,0.6519077293101564
1861,0.060222821668760584
1862,0.41224220978406
1863,9.238045968529285e-06
1864,0.0189102800975538
1865,0.008251219144336575
1866,0.008251219144336575
1867,0.008351767130863053
1868,0.045090736191457315
1869,0.04493224502733972
1870,0.008251219144336575
1871,0.02950739355068588
1872,0.0894450010018033
1873,0.0049971170478569915
1874,0.3301733415767901
1875,0.16606710058991214
1876,0.11686560637470855
1877,0.16614179229608406
1878,0.5116165718927701
1879,0.6479928073724432
1880,0.13103398488314721
1881,0.157948963800296
1882,0.5774565419798237
1883,0.025765678172095074
1884,0.22393238864438747
1885,0.21909854546180085
1886,0.4152626822655887
1887,0.21923322492467923
1888,0.37541052295536614
1889,0.05614510903199976
1890,0.48309716109687095
1891,0.07653386566336662
1892,0.4031864491308065
1893,0.5047467227130236
1894,0.023535890126975878
1895,0.039071002850479486
1896,0.06454380298748474
1897,0.06645962732919253
1898,0.49521207138366297
1899,0.20764759665621735
1900,0.20764759665621735
1901,0.23356861978848642
1902,0.017280121144029326
1903,0.11566421793694515
1904,0.23669666194457184
1905,0.23669666194457184
1906,0.23669666194457184
1907,0.2371755222570282
1908,0.6210476265948173
1909,0.2771867418736411
1910,0.6736799006788705
1911,0.6358143785540211
1912,0.2224336343446195
1913,0.48729133750085873
1914,0.48729133750085873
1915,0.1621231251913069
1916,0.01914689140238046
1917,0.48729133750085873
1918,0.16193181818181823
1919,0.019769901318036687
1920,0.027176198370396865
1921,0.028234506465777964
1922,0.31936694189982906
1923,0.19157966216789746
1924,0.2081910793424857
1925,0.07692307692307687
1926,0.5102718619461755
1927,0.252299941588785
1928,0.24266802443991853
1929,0.27936515124071726
1930,0.014232999472851837
1931,0.6952075929433297
1932,0.1890235263412997
1933,0.8334826833430252
1934,0.7896455956046611
1935,0.6032209761358758
1936,0.6585861352690086
1937,0.40166471962616823
1938,0.9615883620406501
1939,0.8917445482866043
1940,0.7384583891762034
1941,0.676904556661079
1942,0.1478829175881099
1943,0.27652666245822133
1944,0.19474765376404723
1945,0.4803855115441644
1946,0.2908584742941871
1947,0.18501698419731205
1948,0.1243789149859843
1949,0.14178925535613662
1950,0.21485281543911083
1951,0.15301706050905794
1952,0.4636049020805343
1953,0.01874923659460115
1954,0.20843144357906174
1955,0.5797165301186749
1956,0.878509916492693
1957,0.6009603340292275
1958,0.5020420775452078
1959,0.49762704439252337
1960,0.04211134313769049
1961,0.8076929278596536
1962,0.8611541902773636
1963,0.6392111516862292
1964,0.6008450378144776
1965,0.7082204243746393
1966,0.8730028345491535
1967,0.8197257101591827
1968,0.8197257101591827
1969,0.7461688204108681
1970,0.6328715640431761
1971,0.8242645663313721
1972,0.6614850829738183
1973,0.6514414672133753
1974,0.6349825857150357
1975,0.6350140889441168
1976,0.6349930867913961
1977,0.1267713353023472
1978,0.03485252849206799
1979,0.05445965294083954
1980,0.7373807959753819
1981,0.7065011430893684
1982,0.0739610731194108
1983,0.0622365208455925
1984,0.0926615886833515
1985,0.6017686809978031
1986,0.6599289361601995
1987,0.6451004384623228
1988,0.9081197512341798
1989,0.844714268081955
1990,0.6981378362731144
1991,0.24384596636607359
1992,0.2823333089722039
1993,0.5064861506979463
1994,0.004293649053570103
1995,0.04391647326846504
1996,0.004220565665424281
1997,0.27590197081536694
1998,0.1552144997442081
1999,0.021301332335529444
2000,0.00401958634802313
2001,0.1853675659412295
2002,0.047742304459186036
2003,0.2681106780874738
2004,0.6413836739646714
2005,0.3551593323216995
2006,0.5291825878474563
2007,0.7432058739391627
2008,0.7178359202909688
2009,0.1411549267509533
2010,0.6269501376567758
2011,0.6891534156524829
2012,0.5686478421088328
2013,0.222568093385214
2014,0.4480662839926236
2015,0.11548021541874365
2016,0.047711490249151445
2017,0.05394227908360616
2018,0.16076622204392732
2019,0.09210328161252213
2020,0.07951381036443972
2021,0.047723815933165215
2022,0.7610283757126444
2023,0.7610283757126444
2024,0.0003599989714314633
2025,0.6584336077686299
2026,0.2235019455252919
2027,0.3206979453243116
2028,0.38344633035688136
2029,0.32074999380375246
2030,0.32073264431060555
2031,0.35407010847564035
2032,0.3217909633925695
2033,0.48520335496122813
2034,0.48520335496122813
2035,0.48520335496122813
2036,0.820478636925278
2037,0.35408663180244726
2038,0.35408663180244726
2039,0.132530469490869
2040,0.24006371963361217
2041,0.1484169653524493
2042,0.415042856104063
2043,0.5394021812451769
2044,0.2483974358974359
2045,0.5766010990704125
2046,0.372903367818622
2047,0.20000250541535092
2048,0.14184626653021093
2049,0.4026078500707213
2050,0.5080311069118395
2051,0.400352371164293
2052,0.0008809279107326873
2053,0.0008809279107326873
2054,0.0008809279107326873
2055,0.0008809279107326873
2056,0.0008809279107326873
2057,0.16510057260314204
2058,0.2524193548387097
2059,0.041099364837809516
2060,0.03456382207197051
2061,0.18927424893370826
2062,0.43279599777654254
2063,0.10299783854900846
2064,0.014636343165953636
2065,0.16145012384598068
2066,0.011736278909216358
2067,0.06288352194043523
2068,0.7393909491010282
2069,0.45094827970125195
2070,0.5668225102809876
2071,0.003710684514334983
2072,0.17241143206576415
2073,0.44616094625148695
2074,0.4445759042872185
2075,0.37514789232312085
2076,0.28588330551213825
2077,0.05399174133168205
2078,0.3923229928246451
2079,0.3626459143968872
2080,0.3626459143968872
2081,0.39357956506731095
2082,0.5259586828813596
2083,0.5259586828813596
2084,0.5259586828813596
2085,0.04715953307392984
2086,0.48275043519544236
2087,0.5382632875907128
2088,0.5382632875907128
2089,0.5382632875907128
2090,0.5382632875907128
2091,0.11369026895291157
2092,0.08024726149306105
2093,0.28532932253291854
2094,0.01642857388558483
2095,0.08038322877118542
2096,0.09725796432691458
2097,0.2207003891050584
2098,0.8140877825735627
2099,0.6985757240069632
2100,0.09170231929745554
2101,0.2891377018808651
2102,0.2990578734858682
2103,0.11580047789725212
2104,0.310282331145032
2105,0.197139303482587
2106,0.3617021276595743
2107,0.036798088410991636
2108,0.036798088410991636
2109,0.19274504275913917
2110,0.005120398560752748
2111,0.736262820557334
2112,0.2116731517509728
2113,0.3790195364640214
2114,0.6126562747270138
2115,0.7576900565780061
2116,0.7576900565780061
2117,0.6836477583388653
2118,0.7307035519125683
2119,0.53723621361044
2120,0.3027311280746394
2121,0.47619794772021207
2122,0.7917483440017095
2123,0.7917483440017095
2124,0.25838487155090384
2125,0.4445759042872185
2126,0.4445759042872185
2127,0.28588330551213825
2128,0.28588330551213825
2129,0.1798393755160249
2130,0.2877280599299207
2131,0.1798393755160249
2132,0.2877280599299207
2133,0.35486381322957194
2134,0.5110015174506829
2135,0.5972871137905049
2136,0.41158931582216707
2137,0.16415996844025837
2138,0.4495831017231795
2139,0.36433203631647204
2140,0.05086950750033192
2141,0.2657847503822376
2142,0.12027133528484579
2143,0.5608300907911803
2144,0.372833291672772
2145,0.7325819672131147
2146,0.019354838709677358
2147,0.9176755447941889
2148,0.6372666285298247
2149,0.2243331655762456
2150,0.06289973835307805
2151,0.5124709048990084
2152,0.06422462872786316
2153,0.8800077041602465
2154,0.1684345594525235
2155,0.5451388888888888
2156,0.3638744799958913
2157,0.4121954261649192
2158,0.4121954261649192
2159,0.11357795263137083
2160,0.49711598189724027
2161,0.7112604123207067
2162,0.34314706953039686
2163,0.031780167264038206
2164,0.027519893899204284
2165,0.5378237581627412
2166,0.4506984069608324
2167,0.44064652054966824
2168,0.2597674833491912
2169,0.20559029632655634
2170,0.10125734531628072
2171,0.5420179252817463
2172,0.37065309584393547
2173,0.34377361400262163
2174,0.6698685109289617
2175,0.20167277511512072
2176,0.07232853353543023
2177,0.26670946271253726
2178,0.4622618614245845
2179,0.46581434130072263
2180,0.05949234167360673
2181,0.11344803848245855
2182,0.023073529583472308
2183,0.8327290737989104
2184,0.8352002133577171
2185,0.029262283631560804
2186,0.03835896524135474
2187,0.12300248138957814
2188,0.04569955472228737
2189,0.009109719475573375
2190,0.6422651869213423
2191,0.7021429303803958
2192,0.6331645755374569
2193,0.37281351099413285
2194,0.40620735197006386
2195,0.27749314667447367
2196,0.0012361581837012636
2197,0.0008756502168631997
2198,0.4639084819610292
2199,0.491231931909898
2200,0.5734076738098786
2201,0.7186258011036839
2202,0.8337833028048579
2203,0.2743659153971958
2204,0.6928482003206453
2205,0.7344523662636503
2206,0.12929446292661928
2207,0.6425972897854939
2208,0.7591062485243958
2209,0.7750958073718852
2210,0.31776204920795414
2211,0.5223251279551548
2212,0.2699975627589568
2213,0.18812289778330116
2214,0.07114414799834068
2215,0.6151890116988137
2216,0.06544346520572064
2217,0.21970781720677035
2218,0.10860338515986978
2219,0.220748730964467
2220,0.09863440956672354
2221,0.257757498429394
2222,0.7661286185509893
2223,0.29551695718042625
2224,0.7466349618988364
2225,0.5745811574724791
2226,0.6442351327431812
2227,0.2459714621279112
2228,0.2614799960472557
2229,0.5737214145745914
2230,0.5735121215541032
2231,0.5749484462045121
2232,0.29125244089695057
2233,0.5745688461183327
2234,0.5999182752705021
2235,0.2715439515366843
2236,0.3845406392626922
2237,0.30746496060924733
2238,0.33344616614033484
2239,0.14607106959143856
2240,0.14607106959143856
2241,0.41914889421323
2242,0.19059807221196656
2243,0.31115243374440116
2244,0.32036949670663106
2245,0.04241215521553787
2246,0.5367701469396384
2247,0.2998147478763781
2248,0.7915207930309974
2249,0.9053986753912064
2250,0.7938039456433026
2251,0.014773304035975654
2252,0.07912944075114037
2253,0.06666666666666665
2254,0.8608196432849332
2255,0.5566172872995062
2256,0.8688505738350482
2257,0.7741847137555333
2258,0.8859797933542933
2259,0.9002996775740864
2260,0.9064318565298354
2261,0.9059680951289338
2262,0.005054629685714795
2263,0.2500116519334441
2264,0.20010836055892367
2265,0.00011905008385260096
2266,0.30288934609535745
2267,0.13671041365826242
2268,0.8837516047816816
2269,0.7899056333139072
2270,0.5582432398490991
2271,0.8544817980309665
2272,0.9009721291425311
2273,0.6162663343902158
2274,0.8972047545586718
2275,0.7366820281760144
2276,0.7099601405393521
2277,0.7956947421310047
2278,0.6585323959102798
2279,0.81196167075542
2280,0.7642853695592884
2281,0.8477363690177957
2282,0.8122394323118098
2283,0.8447423312290927
2284,0.8970376194975515
2285,0.877130052560358
2286,0.8779797577711624
2287,0.7972237027049374
2288,0.8133210261390538
2289,0.8999275395866222
2290,0.8525848307092201
2291,0.5571919566385862
2292,0.8082915310230534
2293,0.7682096900597069
2294,0.053472360059850454
2295,0.866545746851619
2296,0.5534867048570895
2297,0.7883954182063333
2298,0.8321844928799028
2299,0.8628969375447384
2300,0.8528787034908601
2301,0.8055018230683335
2302,0.8674840415253788
2303,0.4483636019790771
2304,0.8630314632610617
2305,0.6604539860449568
2306,0.8547869058900599
2307,0.6734110364220808
2308,0.38404399801321776
2309,0.7001052062220268
2310,0.6038318201375033
2311,0.6802398660565683
2312,0.6282239517395736
2313,0.7701990173942228
2314,0.6939847022044028
2315,0.7129598812303888
2316,0.5551059994921681
2317,0.7588564639673905
2318,0.17783828858507666
2319,0.3343706777316736
2320,0.8991708590121117
2321,0.4166515589442895
2322,0.23628726733651795
2323,0.28563914045850636
2324,0.5380731229169753
2325,0.416663644981326
2326,0.4545511047870259
2327,0.22556051055349857
2328,0.1733723072443316
2329,0.4815164597949272
2330,0.8219487505685452
2331,0.8714003907544293
2332,0.9036821467716138
2333,0.880947282801879
2334,0.9195883100327846
2335,0.6671082592032258
2336,0.5307219520000998
2337,0.5980997311864269
2338,0.6694339558252775
2339,0.8571167647142659
2340,0.7896714340569706
2341,0.8153114699638997
2342,0.750872185220425
2343,0.8140873900039927
2344,0.7644949743353399
2345,0.7903234199872491
2346,0.8325428449418163
2347,0.3460337447398224
2348,0.424342693614738
2349,0.500007770048019
2350,0.5539418276750834
2351,0.5544268788299074
2352,0.49995002840490665
2353,0.6250330777053672
2354,0.6289836710806413
2355,0.3581773745354716
2356,0.19017982892597496
2357,0.6874802743703579
2358,0.7333360964464639
2359,0.7641061299556385
2360,0.6154106210198773
2361,0.6000062158452254
2362,0.6998458968079366
2363,0.4000155415451404
2364,5.1791198604211885e-06
2365,0.7370120681974202
2366,0.6503558833787606
2367,0.617499600830273
2368,0.4883072495053067
2369,0.7599231333715953
2370,0.5904864698172847
2371,0.7499987072219751
2372,0.430276432713373
2373,0.6490328802007266
2374,0.7908662821326777
2375,0.8215113740294062
2376,0.8929543645483886
2377,0.6897068314782285
2378,0.9032398897870719
2379,0.686484664644422
2380,0.7329179846615838
2381,0.7497801003157616
2382,0.7665556367969236
2383,0.7272181496461072
2384,0.9055730325977198
2385,0.7621827565913336
2386,0.8043097789230977
2387,0.7648333197931053
2388,0.9000352170329154
2389,0.7315224412987305
2390,0.7696944317140646
2391,0.7172721073733475
2392,0.7356383019437833
2393,0.24913310322630766
2394,0.5017794656177946
2395,0.44368655260829404
2396,0.3280702294357638
2397,0.19363132036650677
2398,0.8529379021664106
2399,0.1332684354027125
2400,0.5453770438434162
2401,0.29432455194511753
2402,0.236366524734412
2403,0.21453725588316752
2404,0.21406625513667588
2405,0.06961904143691355
2406,0.44194882647171985
2407,0.5279619380235001
2408,0.2729926067619397
2409,0.17500490244141587
2410,0.09343607662070263
2411,0.1531009661754179
2412,0.35476493283031774
2413,0.014395194697597313
2414,0.5534727183560781
2415,0.8211903304519076
2416,0.5249332994280502
2417,0.6181908928893673
2418,0.6092525929095175
2419,0.6988318780792784
2420,0.4083045598547681
2421,0.42728642907722847
2422,0.41811858620048714
2423,0.5749182276759814
2424,0.32028522148836824
2425,0.7163232682518804
2426,0.7032413505091715
2427,0.4807214125300473
2428,0.624456241819348
2429,0.49202174904377194
2430,0.645835013951394
2431,0.10479063059848492
2432,0.5770257530491396
2433,0.6106597436632666
2434,0.560969418504889
2435,0.7282731794139389
2436,0.28240109642240707
2437,0.572834738876272
2438,0.7600671727495323
2439,0.5636198620181093
2440,0.5429593937781014
2441,0.33819165277641594
2442,0.580808412324324
2443,0.8209380255053584
2444,0.046830653494198016
2445,0.7076788543445608
2446,0.6065399925952151
2447,0.5571082670562453
2448,0.5806752873918172
2449,0.05224930557104235
2450,0.6036298969362458
2451,0.8595094985716375
2452,0.39210430741317803
2453,0.36139805260079927
2454,0.28918947498045766
2455,0.5895831758168839
2456,0.4556927623759196
2457,0.769795811950736
2458,0.5310884686562719
2459,0.22674586379376682
2460,0.6976473476524374
2461,0.6379943744328578
2462,0.6578593075480748
2463,0.6601323321082865
2464,0.04041495883854063
2465,0.5905404363580294
2466,0.19998068910914035
2467,0.39998552270281496
2468,0.25001194654320136
2469,0.5000048335798459
2470,0.1999768269309684
2471,2.4137215241193388e-05
2472,0.24997598924318098
2473,0.40004054093186225
2474,0.00019993282257158018
2475,0.3999971019532834
2476,1.590938017048682e-05
2477,8.024136602946541e-06
2478,0.20001283398439063
2479,0.6666811681772407
2480,0.1999922760911229
2481,2.124100576150756e-05
2482,0.3333439564875603
2483,0.20000849045089597
2484,0.0001643941591722431
2485,0.1999829703897652
2486,0.08678452421989136
2487,0.058991939452299635
2488,0.5193576841089298
2489,0.7188318935700315
2490,0.7772177544123942
2491,0.7855011610034403
2492,0.5994803220078817
2493,0.6009747415211
2494,0.5548219162086928
2495,0.6661808094844381
2496,0.7148084507017671
2497,0.550304150421763
2498,0.0028085179999243204
2499,0.7132060702354384
2500,0.28514111340738824
2501,0.7704329099905666
2502,0.7366480085365292
2503,0.7494662044625306
2504,0.809403961219183
2505,0.8797957749428701
2506,0.7137153384476888
2507,0.900560507380177
2508,0.939556541284349
2509,0.2570795644984074
2510,0.9113554460468878
2511,0.8885071093791974
2512,0.8178539989683123
2513,0.827217125382263
2514,0.46919794964810113
2515,0.5444221090511815
2516,0.7901552430911738
2517,0.843685462838396
2518,0.7891160652493459
2519,0.8548918392600295
2520,0.8996054921510732
2521,0.3824505440794381
2522,0.5545360617606045
2523,0.13325336981167568
2524,0.187488048930187
2525,0.18738048930187023
2526,0.00035441243481337814
2527,0.136978348344997
2528,0.08999398321029173
2529,0.09969602371474096
2530,0.0002809134890496834
2531,0.0002809134890496834
2532,0.007640538126527763
2533,0.03519489483307703
2534,0.23047992600125478
2535,0.19205204013100052
2536,0.18742938004201426
2537,0.1347211901948604
2538,0.0002913176923475813
2539,0.7432600285631425
2540,0.7001020008805832
2541,0.6081435568167244
2542,0.1904675388521534
2543,0.6133689609399869
2544,0.5828712627564405
2545,0.7688791004504522
2546,0.5380862525786803
2547,0.7560356366517823
2548,0.5058956541832407
2549,0.4642650683647168
2550,0.6320772188994563
2551,0.5645163501748132
2552,0.25000697828914675
2553,0.629296405798193
2554,0.17744590466517718
2555,0.7597940476408293
2556,0.732133413830568
2557,0.7783920587323581
2558,0.6662857571268417
2559,0.6902123525466525
2560,0.8648433098600776
2561,0.7614802389193739
2562,0.7327341031641372
2563,0.26803805684091575
2564,0.6016589185708013
2565,0.605341938817268
2566,0.35872948684758355
2567,0.5160410546342878
2568,0.7885146247769816
2569,0.5334886630788402
2570,0.8612623163351487
2571,0.44436651849988806
2572,0.40020024571212975
2573,0.6361935194213919
2574,0.4445008542049447
2575,0.19998066110028667
2576,0.8888926485397785
2577,0.6250108829191374
2578,0.4281580368855622
2579,0.5715529476472856
2580,0.6999869503436409
2581,0.7272740457639514
2582,0.7001291439737649
2583,0.7272991101069999
2584,0.5714907595379285
2585,0.625
2586,0.6999646844160177
2587,0.6154311069454672
2588,0.7001397908532638
2589,0.8235225884149756
2590,0.6153734535782333
2591,0.5026538163978866
2592,0.8333454254657083
2593,0.49997825057273493
2594,0.5000677159412998
2595,0.8235558721955499
2596,0.2855933661451464
2597,0.8333623544510333
2598,0.6250798080736749
2599,0.6250326487574125
2600,0.49999516642015407
2601,0.6428985867628165
2602,0.833371222014775
2603,0.5000411132500748
2604,0.40980301752045367
2605,0.6250489731361186
2606,0.2540032145663035
2607,0.571434790239507
2608,0.5978509904005105
2609,0.6250308349375562
2610,0.46540370913393536
2611,0.5023809381016068
2612,0.6999927484735537
2613,0.6666602223919215
2614,0.19999613933152516
2615,0.28566591788663
2616,0.6687497376170228
2617,0.28578681254921456
2618,0.5714306433433523
2619,0.28576954425518397
2620,0.19989965458018955
2621,0.6666505559798036
2622,0.7500012078928551
2623,0.7019791173136781
2624,0.00018863726504991796
2625,4.8301245205717436e-06
2626,0.5739705805496462
2627,0.2855933661451464
2628,0.5711258664230078
2629,0.42856315007736934
2630,0.40377831487156735
2631,0.2543270701267235
2632,0.25283373615367555
2633,0.25000362304838464
2634,0.11704454164063194
2635,0.008042413083764632
2636,0.0367736708079327
2637,0.2787412866219102
2638,0.030289685011613554
2639,0.2540302025296718
2640,0.252662812385676
2641,0.005877378689104762
2642,0.18154837019276182
2643,0.2174007246919546
2644,0.27321592574814924
2645,0.2609279424083112
2646,0.6477993807870641
2647,0.004175119610599021
2648,0.42395618750942066
2649,0.14303128157696354
2650,0.09526593417766227
2651,0.14752815102503614
2652,0.22944841223295254
2653,0.35877881217839
2654,0.42468521886015187
2655,0.3288052585636073
2656,0.4711707521404159
2657,0.3289703898891828
2658,0.477011928699938
2659,0.27507771714722096
2660,0.23897056161584562
2661,0.10741085065409395
2662,0.026731908318310516
2663,0.26237250665728784
2664,0.13433485739168305
2665,0.08549704495650445
2666,0.005484335367107684
2667,0.0778775622129293
2668,0.06910262562555702
2669,0.1504902163570926
2670,0.009230054118662623
2671,0.814935029876659
2672,0.6249558356855026
2673,0.7696063769849827
2674,0.7528163580699976
2675,0.6096834972346836
2676,0.6088779846869573
2677,0.7406811348392568
2678,0.20620801885198004
2679,0.5944357850777873
2680,0.3155795252171849
2681,0.696394662395205
2682,0.5273170213485154
2683,0.6528102515081446
2684,0.49596964882714356
2685,0.6672052978995529
2686,0.0873884231330655
2687,0.004241133168669919
2688,0.4085829848495236
2689,0.1851052526728203
2690,0.7054560346274057
2691,0.8505003864176637
2692,0.1025047676353984
2693,0.7895977787084865
2694,0.23660097731078944
2695,0.23581178737754938
2696,0.42260473047162617
2697,0.15237733540104015
2698,0.05611262368019132
2699,0.33333333333333337
2700,0.05611262368019132
2701,0.5080551175704394
2702,0.5260985809282237
2703,0.6528151406779125
2704,0.7727541945663919
2705,0.5340091457507137
2706,0.6014401420211813
2707,0.7726215719696113
2708,0.46634877432105026
2709,0.46572283585291163
2710,0.7857945601606227
2711,0.4934743323740044
2712,0.8023736261711517
2713,0.873931996582638
2714,0.8729483672632803
2715,0.8725394277575846
2716,0.3997554068656415
2717,0.3531329577899529
2718,0.5079513399153738
2719,0.5833857138252265
2720,0.574823914248531
2721,0.6276200814436761
2722,0.3290556149960343
2723,0.25528964082019423
2724,0.25558650841724595
2725,0.2560542997822971
2726,0.2560542997822971
2727,0.25568096628903514
2728,0.0062492128510684974
2729,0.40461314253842784
2730,0.40479306229421674
2731,0.25437205006567076
2732,0.31164233321690515
2733,0.6278584751200964
2734,0.5038592787616724
2735,0.41134807431968456
2736,0.25491630732693227
2737,0.4045087890800704
2738,0.45504614178062386
2739,0.46102271927474336
2740,0.46890671511804993
2741,0.5499637161825826
2742,0.7690021234626779
2743,0.583268842896459
2744,0.25608251057827935
2745,0.32411794339724487
2746,0.09959158215435915
2747,0.33333333333333326
2748,0.5171438650410511
2749,0.5225396109119549
2750,0.3245947307500855
2751,0.32369962996503565
2752,0.056797548526685504
2753,0.38699345040837096
2754,0.20684299380979176
2755,0.6017229151170234
2756,0.48315982452694295
2757,0.3909501782691034
2758,0.5883445639817454
2759,0.0021399726175548306
2760,0.005171498866322621
2761,0.4300313708223833
2762,0.26724541248635436
2763,0.31656027037176115
2764,0.6418666066990723
2765,0.19132245357343836
2766,0.3750532752307145
2767,0.0020100194097294466
2768,0.09996023261041209
2769,0.2198390529396117
2770,0.27215895413217783
2771,0.001913201087503702
2772,0.36517416506035627
2773,0.0004717143941919133
2774,0.0019904046389082053
2775,0.06008208188746089
2776,0.2487946966653274
2777,0.16606257310904982
2778,0.1335424933099566
2779,0.16225981785865307
2780,0.10367148049274699
2781,0.09053934509262973
2782,0.4579065841305572
2783,0.00016061676839074224
2784,0.2306311955093755
2785,0.3057458995182929
2786,0.19436890289659314
2787,0.0021634560058919616
2788,0.08692269491806004
2789,0.33699166804612923
2790,0.2487946966653274
2791,0.6608306423711221
2792,0.125
2793,0.125
2794,0.19344639551753484
2795,0.13522192488696128
2796,0.13928554199430754
2797,0.08333333333333337
2798,0.08333333333333337
2799,0.03830982950342243
2800,0.0005982719145851689
2801,0.24718255499807018
2802,0.36463765324233965
2803,0.3495655350572764
2804,0.017761989342806372
2805,0.19297658862876255
2806,0.1811499345483838
2807,0.16012796792175565
2808,0.09999999999999998
2809,0.19787696583607373
2810,0.125
2811,0.027332271608380365
2812,0.16475828020055894
2813,0.13906757582580165
2814,0.16666666666666663
2815,0.11172148347326394
2816,0.007618567457232994
2817,0.09275433815466094
2818,0.29779403489026446
2819,0.18181818181818177
2820,0.28481332738360854
2821,0.0020019098680351677
2822,0.015551839464883033
2823,0.6391424227212874
2824,0.004999423365240618
2825,0.19072303555422765
2826,0.007391825267854646
2827,0.12525661847867453
2828,0.3829802868118497
2829,0.0978791197849248
2830,0.2778680120598118
2831,0.005884493424130444
2832,0.3078852253448404
2833,0.2648239022644788
2834,0.0011571090918065519
2835,0.03726943701106267
2836,0.22982628366554259
2837,0.14292986970101385
2838,0.10884468065738151
2839,0.1656735742313069
2840,0.31238903755651926
2841,0.007861103737414
2842,0.4595221132443217
2843,0.5678568682691622
2844,0.07751396648044695
2845,0.29246987951807235
2846,0.3229971768408386
2847,0.32118874026970734
2848,0.24943166605817213
2849,0.13586911614840103
2850,0.17451759181835724
2851,0.4538598347553975
2852,0.024700887688151152
2853,0.026544626118577996
2854,0.343982293608157
2855,0.2838614905584572
2856,0.4597657444779628
2857,0.2306078728911899
2858,0.30629479923317193
2859,0.8360029390154298
2860,0.6583901085036589
2861,0.8427446063588191
2862,0.9151861430203885
2863,0.6622063142749999
2864,0.30262963510119667
2865,0.5829502907108679
2866,0.34243098453490683
2867,0.21340170724173757
2868,0.7265968672899781
2869,0.741010141029445
2870,0.7106464089952259
2871,0.9355980722052465
2872,0.5999658703071672
2873,0.7783211614937734
2874,0.6664218978417189
2875,0.4040539521577893
2876,0.3710598163315959
2877,0.5893040032061273
2878,0.3394036965794095
2879,0.8002111869893025
2880,0.07457663916630486
2881,0.747586475213304
2882,0.18004686696524397
2883,0.03946239289527842
2884,0.20630368102027075
2885,0.13590324261308295
2886,0.015518587657254113
2887,0.28918384902015704
2888,0.42292871863143966
2889,0.09306191816364284
2890,0.2237702365683949
2891,0.3427467275628415
2892,0.31344669103113043
2893,0.2868349042262084
2894,0.8167994448974139
2895,0.9036614406927617
2896,0.913986648229924
2897,0.8371336695169188
2898,0.843648322736242
2899,0.8371336695169188
2900,0.844232989841409
2901,0.3156535389855405
2902,0.8541472115980631
2903,0.858061619736691
2904,0.8758191464090586
2905,0.9147505163790307
2906,0.5970017035775128
2907,0.91005291005291
2908,0.8913998510796723
2909,0.19761520308036273
2910,0.10671613150825121
2911,0.032911820845170525
2912,0.29647566822415083
2913,0.6071150408172363
2914,0.04031705553229559
2915,0.616981830134867
2916,0.2759314285260406
2917,0.6307660056411606
2918,0.4542915211886859
2919,0.031330018441724894
2920,0.5420093182425165
2921,0.15788049173506213
2922,0.46554398923042717
2923,0.4285976253096836
2924,0.34653748222743175
2925,0.5512220446542704
2926,0.7540888055706553
2927,0.7539957959658634
2928,0.7441427304726335
2929,0.8635279363004802
2930,0.8635509059816495
2931,0.8637714149208752
2932,0.8610909351629887
2933,0.6765585950529079
2934,0.8633404326745805
2935,0.25777790009081736
2936,0.08420586522738138
2937,0.21129342540655338
2938,0.056802314221309214
2939,0.20558457917932016
2940,0.8903007137890504
2941,0.272569772196705
2942,0.6400488770458128
2943,0.2200704195314378
2944,0.2896324672139786
2945,0.5578071022149971
2946,0.5108258562205931
2947,0.2292525875004272
2948,0.47006134423897583
2949,0.8239808153477218
2950,0.820662652811368
2951,0.764335712474794
2952,0.7614790938657034
2953,0.07488836087092443
2954,0.46148337180533927
2955,0.04749901214045327
2956,0.047473170392498654
2957,0.7868860507305709
2958,0.7804766086472799
2959,0.7804766086472799
2960,0.5036486574511204
2961,0.4699773355273371
2962,0.789021285983619
2963,0.33346110202456636
2964,0.8579386108090318
2965,0.8538696015620082
2966,0.8996610733469601
2967,0.8988630856972453
2968,0.8436844016900538
2969,0.3673906305714978
2970,0.13979913146147827
2971,0.29156791486335654
2972,0.8692584632117499
2973,0.8659798166024546
2974,0.12545554306735363
2975,0.8873932406746217
2976,0.3821708937198067
2977,0.41967331737063807
2978,0.1118415985623209
2979,0.39218210450320456
2980,0.6119859994769721
2981,0.5809516617488482
2982,0.6386533948149945
2983,0.13638744034384465
2984,0.08411820323559682
2985,0.16041689411823656
2986,0.5597929974983478
2987,0.051911413715931554
2988,0.6636274803991722
2989,0.3575949302281728
2990,0.42386692976346463
2991,0.4597563563682783
2992,0.3689662565999303
2993,0.4405958565682321
2994,0.051097946626912805
2995,0.12428170250793635
2996,0.04081977501222667
2997,0.24074867026245972
2998,0.022532807267535038
2999,0.9211907422174349
3000,0.01827942078066147
3001,0.03243443687302816
3002,0.06426543116101313
3003,0.029442831910774236
3004,0.08904930314804904
3005,0.1629495883403803
3006,0.13083856067328814
3007,0.33992778637162413
3008,0.19230587811450184
3009,0.38738724281141146
3010,0.16595566278445795
3011,0.18965431599160132
3012,0.484683742394568
3013,0.28587509986549764
3014,0.35053376330838226
3015,0.6153846153846154
3016,0.07060254473297478
3017,0.06407225688578977
3018,0.017863146165101984
3019,0.613563639124314
3020,0.014947869305796058
3021,0.08589043499242466
3022,0.4575814836789015
3023,0.5237598445105998
3024,0.47038060083835265
3025,0.009092934525301577
3026,0.0709515338732819
3027,0.10892826525611476
3028,0.09304639477056775
3029,0.10559555988649527
3030,0.23862655780820563
3031,0.6151509193987557
3032,0.04120175896591616
3033,0.15275926578523957
3034,0.12412880159304851
3035,0.47299774669476624
3036,0.11047195589247683
3037,0.02156194369302844
3038,0.29402393823421613
3039,0.19304133238937093
3040,0.05174441819285991
3041,0.28960864727967484
3042,0.46354909114869336
3043,0.07644822706248933
3044,0.225782391507781
3045,0.3762366145628321
3046,0.14713860066947815
3047,0.019874285373648548
3048,0.6135798266994941
3049,0.22158920763890344
3050,0.05738716094976504
3051,0.19535623587708772
3052,0.12699035742286913
3053,0.16506503425598007
3054,0.0011955020714143894
3055,0.9456200015529156
3056,0.799972324084965
3057,0.605310295414462
3058,0.014156858073267053
3059,0.4000830738533694
3060,0.016970031060564494
3061,0.3047770490916918
3062,0.2538809103212436
3063,0.15517756866138
3064,0.2807844117044853
3065,0.3195915141785679
3066,0.6973260690295101
3067,0.9868659389081811
3068,0.2291825095531469
3069,0.45247169174668067
3070,0.3888044278515431
3071,0.3085836858667417
3072,0.09041968696615721
3073,0.09458095741916839
3074,0.1264455115237958
3075,0.0304003406351665
3076,0.4794171564087696
3077,0.3185246790660389
3078,0.04739092931348299
3079,0.8437080161218092
3080,0.39099839655415725
3081,0.4248278546601758
3082,0.06815992155883288
3083,0.06810125142347734
3084,0.47075559413397494
3085,0.2592143936505942
3086,0.657431944081796
3087,0.4337528237707401
3088,7.189110426486511e-05
3089,0.8288819828313386
3090,0.8267687654962297
3091,0.40189831808469845
3092,0.4251261124330208
3093,0.08393125690782921
3094,0.3423250020964109
3095,0.2810300328369457
3096,0.1517636384420562
3097,0.29884685442245273
3098,0.13738710052652314
3099,0.37115429987128656
3100,0.29859401210542047
3101,0.21009667044701685
3102,0.6005008771466462
3103,0.5281212785410414
3104,0.49868383623526213
3105,0.234386567081165
3106,0.3911609203508255
3107,0.11346924185655849
3108,0.2871518025306876
3109,0.42889869542060743
3110,0.385970837408529
3111,0.267019898436055
3112,0.2106666006207093
3113,0.08841896491651258
3114,0.46896716328247234
3115,0.7061123348017622
3116,0.07091027581942899
3117,0.22799118210799296
3118,0.476089974464839
3119,0.4538150598309132
3120,0.3150031521173543
3121,0.7525476067936181
3122,0.8655041545262143
3123,0.8532939301387781
3124,0.30334361057427894
3125,0.011248576777777242
3126,0.4999865592929903
3127,0.2308048642470646
3128,0.48443004278455715
3129,0.2606137880202878
3130,0.5407524495837881
3131,0.564686507578161
3132,0.5352646333650859
3133,0.5017909276886071
3134,0.49747041533713365
3135,0.6249284729497441
3136,0.3335026597171714
3137,0.7018790850925252
3138,0.8120808687749476
3139,0.45573326125095937
3140,0.6017419729456548
3141,0.3940762269960246
3142,0.7458458413717403
3143,0.3387914086440028
3144,0.7024827401248994
3145,0.3694473895814072
3146,0.4154383012037869
3147,0.452591551435952
3148,0.48169633220778274
3149,0.4836261976825642
3150,0.1831827669188142
3151,0.34090020888467376
3152,0.3929280468745553
3153,0.3868411922768691
3154,0.018209325181612224
3155,0.7318645036758211
3156,0.1792081606330197
3157,0.15102671513838328
3158,0.3100028591185936
3159,0.8468373158437074
3160,0.1058292382083108
3161,0.21259469724152658
3162,0.2003993894449393
3163,0.256339534405984
3164,0.5241568320240626
3165,0.3690636385581698
3166,0.7166976364035345
3167,0.31572709917190156
3168,0.7364083405941539
3169,0.4302369160595009
3170,0.2320019628442035
3171,0.02775477297772644
3172,0.49986283751878646
3173,0.16939472402838684
3174,0.7572466066218445
3175,0.6949309499193124
3176,0.42494836369221567
3177,0.6688083734463994
3178,0.7824350375561947
3179,0.27997991316986104
3180,0.5089431662514876
3181,0.08302448195159595
3182,0.6264721189461665
3183,0.6945070733800065
3184,0.3459752904712644
3185,0.3139305931392359
3186,0.5026363368552815
3187,0.20971104986595634
3188,0.09857397272739088
3189,0.2872912995873096
3190,0.75035945120117
3191,0.5051077945157009
3192,0.3097630235032667
3193,0.04562746629865122
3194,0.7293751812736415
3195,0.6126522429488684
3196,0.6181809397304032
3197,0.1255475617173183
3198,0.5082688483240712
3199,0.8334769636735695
3200,0.8482117623641406
3201,0.3107182455099673
3202,0.3790003536116381
3203,0.1952878019957922
3204,0.5182267597579974
3205,0.5958899986809776
3206,0.632628616702151
3207,0.4232498717291562
3208,0.29212185687828573
3209,0.5511009069761967
3210,0.20084953897255098
3211,0.24458763283733875
3212,0.278272009845256
3213,0.004422520015785025
3214,0.08930934438885285
3215,0.06155863067248546
3216,0.06155863067248546
3217,0.05294907682544403
3218,0.011790975755241795
3219,0.03413898588068909
3220,0.01666796026078854
3221,0.4450614031532444
3222,0.43594165239473215
3223,0.8437080161218092
3224,0.38426386913229027
3225,0.8345792138895587
3226,0.809839633151118
3227,0.18057474440453158
3228,0.809839633151118
3229,0.809839633151118
3230,0.18057474440453158
3231,0.18057474440453158
3232,0.809839633151118
3233,0.053890218822781444
3234,0.18057300115977337
3235,0.4060296217596632
3236,0.23106330014224752
3237,0.8215066020708655
3238,0.18553929719543283
3239,0.3931423114795233
3240,0.424735040210404
3241,0.04230400205608564
3242,0.5528752677541604
3243,0.9685952373420261
3244,0.001146668717618926
3245,0.1808280678417027
3246,0.7338022990920491
3247,0.723154391055731
3248,0.08296284574214718
3249,0.314944160051178
3250,0.4248318189678153
3251,0.23035992939551297
3252,0.011413858816851086
3253,0.3548719772403983
3254,0.10635789219094849
3255,0.3169385478161457
3256,0.7021156941454806
3257,0.8510714675906417
3258,0.8510714675906417
3259,0.8510714675906417
3260,0.8510714675906417
3261,0.055808654220271814
3262,0.0246027531575721
3263,0.055761299151188215
3264,0.44863990869317105
3265,0.6353402836157014
3266,0.0825802364864866
3267,0.11895243444455461
3268,0.11717294862677363
3269,0.2847608805668016
3270,0.46491651385001453
3271,0.7243549402139711
3272,0.5484929452022689
3273,0.44797540623627585
3274,0.13922035599325022
3275,0.44045053135758117
3276,0.3232574876820019
3277,0.5044044665012406
3278,0.0420462213225371
3279,0.12059496567505723
3280,0.23484161844337537
3281,0.17548385849977277
3282,0.1554707147835045
3283,0.44708456607495073
3284,0.6086369770580297
3285,0.13743318553471917
3286,0.6868014631172525
3287,0.18057474440453158
3288,0.5398622837281406
3289,0.07684720011203938
3290,0.8297449313276651
3291,0.6131076897330768
3292,0.5005189413596263
3293,0.6131076897330768
3294,0.35616587060356064
3295,0.4427296137339055
3296,0.42116876646024626
3297,0.3603440589515642
3298,0.47331394803489346
3299,0.193560349946861
3300,0.28597000421935526
3301,0.000539301604422171
3302,0.03014563601181386
3303,0.18865987460815048
3304,0.43434792447950343
3305,0.816748201438849
3306,0.209107942830018
3307,0.19354838709677424
3308,0.39908814589665653
3309,0.35616587060356064
3310,0.8297449313276651
3311,0.306640168342296
3312,0.7755677450876689
3313,0.7870531400966183
3314,0.2611582626060909
3315,0.1641184631501459
3316,0.554082514223917
3317,0.6469876703359962
3318,0.8125728533582671
3319,0.6941978133740148
3320,0.6687493290391842
3321,0.06415198237885467
3322,0.06415198237885467
3323,0.06415198237885467
3324,0.06415198237885467
3325,0.6970249707241196
3326,0.13761720852207404
3327,0.053439147660601094
3328,0.005353183210580759
3329,0.587284063732035
3330,0.5935228823737098
3331,0.4150640343030767
3332,0.8257738869028275
3333,0.5051162438335159
3334,0.45037632194328225
3335,0.9595094936708861
3336,0.5286080409019784
3337,0.17867888041681979
3338,0.5699827447117884
3339,0.8766323097419988
3340,0.26379974103770876
3341,0.47763301749271136
3342,0.5764655451004868
3343,0.5173651603498542
3344,0.840303844903548
3345,0.9592822370571858
3346,0.8989828094793831
3347,0.843245677532969
3348,0.9698955905511811
3349,0.2859112479227811
3350,0.8561809485563299
3351,0.9254255536080654
3352,0.055738702249386485
3353,0.9631309164744517
3354,0.13567981423971565
3355,0.820494244740834
3356,0.9793533633405735
3357,0.7634054829162519
3358,0.8371458787240008
3359,0.27727228107144475
3360,0.21227328672913837
3361,0.8158201699793564
3362,0.11938346090108132
3363,0.1964632126298157
3364,0.8611498693907197
3365,0.9454012380341832
3366,0.9744354420186113
3367,0.8202659874017504
3368,0.9084008379790037
3369,0.1192905405948177
3370,0.9499439450429067
3371,0.9755409022002574
3372,0.813917112356968
3373,0.14289042060888657
3374,0.8699135739725671
3375,0.9526687976105057
3376,0.9298685255136062
3377,0.9824475306285626
3378,0.9279450158776131
3379,0.8317035116968338
3380,0.9501844156684298
3381,0.9547881175161461
3382,0.18939790515445165
3383,0.6676612046812875
3384,0.17783939512242875
3385,0.4922249273615471
3386,0.013903672166045822
3387,0.5442978738058408
3388,0.3725698559489824
3389,0.30196975004536
3390,0.030507990198848756
3391,0.35971210684786026
3392,0.8339584048916491
3393,0.4210608931240962
3394,0.22076260984711682
3395,0.11930943111973147
3396,0.9405223388903934
3397,0.594583166581437
3398,0.24499380643348545
3399,0.2729682080151139
3400,0.1816056157546787
3401,0.06892712504060738
3402,0.10906686600943127
3403,0.4950425471503759
3404,0.537237443449268
3405,0.11175901133112032
3406,0.09079525533319677
3407,0.13000604318426812
3408,0.06752299478633061
3409,0.3388374450162859
3410,0.23408723930398256
3411,0.3085731281136145
3412,0.37536673097017914
3413,0.6229839811929365
3414,0.35903377988335294
3415,0.1729468127527135
3416,0.002629416598192269
3417,0.16668168926064797
3418,0.3478378437692028
3419,1.802711277765212e-05
3420,0.062516900418229
3421,0.18453714455647452
3422,0.5999782898950317
3423,0.38457623694407683
3424,0.6074734587446451
3425,0.564115265473822
3426,0.8591038229010695
3427,0.9031105227795017
3428,0.8193437928526472
3429,0.8751429406836543
3430,0.8386207355065263
3431,0.8682007543327805
3432,0.8283340124264421
3433,0.8315603244854768
3434,0.930003857953315
3435,0.6157732174406079
3436,0.9166237018173741
3437,0.846783693940631
3438,0.7553630356977638
3439,0.7116778635009358
3440,0.7216200061388346
3441,0.14893353324812697
3442,0.6188660295202757
3443,0.6630094167296547
3444,0.34283789607574866
3445,0.5403369681205816
3446,0.5695255065595074
3447,0.7622783097253629
3448,0.09090909090909094
3449,0.16270139410635298
3450,0.2198561385638691
3451,0.8749634219011035
3452,0.06339661370954397
3453,0.49431610107421875
3454,0.47275852512668914
3455,0.430023193359375
3456,0.4483050178079043
3457,0.4626985437729779
3458,0.2754652083230241
3459,0.4554033551897322
3460,0.39261484146118164
3461,0.4640960693359376
3462,0.2993578900442836
3463,0.4477806091308594
3464,0.4271059036254883
3465,0.4510546003069197
3466,0.3843662656586745
3467,0.4404857859892003
3468,0.4649179246690538
3469,0.23916118284209475
3470,0.35246507764462764
3471,0.32431499774639416
3472,0.01612441312850099
3473,0.016124083190675043
3474,0.03796204224386224
3475,0.10328612767450018
3476,0.13425607217772306
3477,0.09045424290537973
3478,0.08794575002922955
3479,0.039021788190882645
